Title,Link,Market size,Forecasted Market Size/ Revenue,CAGR (%) ,Companies ,Geographies/ Regions covered,Segment 1,Segment 2,Segment 3,Segment 4,Segment 5,Segment 6,Segment 7,Sub-segment 1,Sub-segment 2,Sub-segment 3,Sub-segment 4,Sub-segment 5,Sub-segment 6,Sub-segment 7,Level 1,Level 2,Level 3,Level 4,Level 5,Level 6,Level 7
"Radiology Information Systems (RIS) Market Forecast to 2027 - COVID-19 Impact and Global Analysis by Product (Standalone RIS and Integrated RIS), By Deployment (Web Based RIS, Cloud Based RIS and On Premises RIS), By Component (Services, Hardware, and Software), By End User (Office Based Physicians, Hospitals, Emergency Healthcare Service Providers), and By Geography",https://www.theinsightpartners.com/reports/radiology-information-system-ris-market/,"US$ 1,693.50 million",US$ 904.60 million,8.3%,"Koninklijke Philips N.V. , Siemens Healthineers AG, Bayer AG, Cerner Corporation, General Electric Company, McKESSON CORPORATION, IBM Corporation, Epic Systems Corporation, Fujifilm Corporation , MedInformatics, Inc.","North America , Europe, Asia Pacific, Middle East and Africa, South and Central America",Product,Deployment,Component,End User,Geography,,,"Standalone RIS, Integrated RIS","Web-Based RIS, Cloud-Based RIS, On-Premises RIS","Services, Hardware, Software","Office-Based Physicians, Hospitals, Emergency Healthcare Service Providers","North America , Europe, Asia Pacific, Middle East and Africa, South and Central America",,,,,,,"US, Canada, Mexico, France, Germany, Italy, UK, Spain, China, India, South Korea, Japan, Australia, South Africa, Saudi Arabia, UAE, Brazil, Argentina",,
"Retail Clinics Market to 2027 - Global Analysis and Forecasts by Location (Stores, Malls and Other Locations); Ownership Type (Retail Owned and Hospital Owned); Application (Clinical Chemistry & Immunoassay, Point of Care Diagnostics, Vaccination, and Other Applications), and Geography",https://www.theinsightpartners.com/reports/retail-clinics-market/,"US$ 3,408.96 Mn","US$ 8,108.98 Mn",10.2%,"The Kroger Co., CVS Health, Rite Aid Corp, Walmart Inc., Walgreens co., Nextcare Holdings, Inc., MedExpress, Doctors care, Bellin Health Systems, Concentra, Inc.","North America, Europe, Asia Pacific (APAC), Middle East & Africa (MEA), South America (SAM)",Location,Ownership Type,Application,Geography,,,,"Store, Mall, Others","Retail Owned, Hospital Owned","Clinical Chemistry & Immunoassay, Point of Care Diagnostics, Vaccination, Other Applications","North America, Europe, Asia Pacific (APAC), Middle East & Africa (MEA), South America (SAM)",,,,,,,"U.S., Canada, Mexico, France, Germany, UK, Spain, Italy, Netherlands, China, India, Japan, Australia, South Korea, Saudi Arabia, South Africa, UAE, Brazil, Argentina",,,
"RTLS for Healthcare Market to 2027 - Global Analysis and Forecasts by Technology (RFID, Wi-Fi, Bluetooth, GPS, UWB, Others); Facility Type (Hospitals and Healthcare Facilities, Senior Living); Application (Inventory and Asset Tracking, Patient and Staff Tracking, Access Control and Security, Environment Monitoring, Supply Chain Management and Operation Automation, Others) and Geography",https://www.theinsightpartners.com/reports/rtls-for-healthcare-market/,"US$ 6,384.45 Mn","US$ 1,455.73 Mn",18.6%,"CenTrak, Impinj, Inc, Intelligent InSites, Aruba (Hewlett Packard Enterprise Development LP), Midmark Corporation, Sanitag, Sonitor Technologies, Stanley Healthcare, Teletracking Technologies, Inc, Zebra Technologies Corp",,,,,,,,,,,,,,,,,,,,,,
"Digital Therapeutics Market to 2025- Global Analysis and Forecasts by Application (Diabetes, Cardiovascular Diseases, Central Nervous System (CNS) Disease, Respiratory Diseases, Smoking Cessation, Musculoskeletal Diseases, Others); Distribution Channel (Patients, Providers, Payers, and Employers) and Geography",https://www.theinsightpartners.com/reports/digital-therapeutics-market/,"US$ 8,941.1 Mn","US$ 1,993.2 Mn",20.8%,"Propeller Health, CANARY HEALTH, Noom, Inc., 2Morrow Inc., Livongo Health, Proteus Digital Health, WellDoc, Inc., Fitbit, Inc., Omada Health, Inc., MANGO HEALTH","North America, Europe, Asia Pacific (APAC), Middle East & Africa (MEA), South America (SAM)",Application,Distribution Channel,Geography,,,,,"Diabetes, Cardiovascular Diseases, Central Nervous System (CNS) Disease, Respiratory Diseases, Smoking Cessation, Musculoskeletal Diseases, Other Applications","Patients, Providers, Payers, Employers","North America, Europe, Asia Pacific (APAC), Middle East & Africa (MEA), South America (SAM)",,,,,,,"U.S., Canada, Mexico, France, Germany, UK, China, India, Japan, Saudi Arabia, South Africa, UAE, Brazil",,,,
"Patient Flow Management Market to 2025 - Global Analysis and Forecasts By Product (Integrated and Standalone), Type (Real-Time Locating Systems and Event-Driven Patient Tracking), Component (Software, Hardware and Services); and Delivery Mode (On-Premise and Cloud-Based) and Geography",https://www.theinsightpartners.com/reports/global-patient-flow-management-market/,"US$ 2,126.6 Mn",US$ 452.7 Mn,21.9%,"McKesson Corporation, Care Logistics, Epic Systems Corporation, Intelligent In Sites, Aptean, Cerner Corporation, Teletracking Technologies, Inc., Central Logic, Allscripts Healthcare Solutions, Inc., Sonitor Technologies","North America, Europe, Asia Pacific , Middle East & Africa, South & Central America",Product,Type,Component,Delivery Mode,Geography,,,"Integrated, Standalone","Real-Time Locating Systems, Event-Driven Patient Tracking Market ","Software, Hardware, Services","Cloud Based, On-Premise, Web-Based","North America, Europe, Asia Pacific , Middle East & Africa, South & Central America",,,,,,,"US, Canada, Mexico, France, Germany, U.K, Japan, China, India, UAE, Saudi Arabia, South Africa, Argentina, Brazil",,
"Infection Surveillance Solutions Market to 2025 - Global Analysis and Forecasts By Type (Software and Services), End User (Hospitals, Nursing Homes, and Other End Users) and Geography",https://www.theinsightpartners.com/reports/infection-surveillance-solution-market/,US$ 294.1 Mn,US$ 763.7 Mn,13.0%,"BD, Wolters Kluwer, Sunquest Information Systems, Inc., Premier, Baxter (ICNet Systems, Inc.), GOJO Industries, Inc., Cerner Corporation, Deb Group Ltd., VigiLanz Corporation, PeraHealth","North America, Europe, Asia Pacific (APAC), Middle East & Africa (MEA), South America (SAM)",Product,End User,Geography,,,,,"Software, Services","Hospitals, Nursing Homes, Others","North America, Europe, Asia Pacific (APAC), Middle East & Africa (MEA), South America (SAM)",,,,,"Web-Based Software, On-Premises Software, Implementation Services, Support and Maintenance Services, Training and Consulting Services",,"U.S., Canada, Mexico, France, Germany, UK, Italy, Spain, Netherlands, Switzerland, Finland, Rest of Europe, China, India, Japan, Australia, New Zealand, South Korea, Rest of APAC, Saudi Arabia, South Africa, UAE, Turkey, Rest of MEA, Brazil, Chile, Rest of SAM",,,,
"mHealth Market to 2025 - Global Analysis and Forecasts By Services (Remote Monitoring Services, Diagnosis Services, Treatment Services, Health Support Services, Fitness & Wellness Services and Others), Devices (Insulin Pump, BP Monitor, Glucose Monitor, Personal Pulse Oximeters and Others), End User (Mobile Operators, Devices Vendors, Health Providers and Others) and Geography",https://www.theinsightpartners.com/reports/mhealth-market/,"US$ 246,820.4 Mn","US$ 22,722.1 Mn",31.3%,,,,,,,,,,,,,,,,,,,,,,,
"Medical Scheduling Software Market to 2027 - Global Analysis and Forecasts By Software (Installed Software and Web-Based Software); End User (Hospitals, Clinics and Other End Users); and Geography",https://www.theinsightpartners.com/reports/medical-scheduling-software-market/,US$ 267.83 Mn,US$ 789.56 Mn,13.0%,"MPN Software Systems, Inc., American Medical Software, TimeTrade, AdvancedMD, Inc., StormSource, LLC, ByteBloc Software, Daw Systems, Inc., WellSky, Voicent Communications Inc., Yocale Network Corporation","North America, Europe, Asia Pacific (APAC), Middle East & Africa (MEA), South and Central America",Software,End User,Geography,,,,,"Web Based Software, Installed Software","Hospitals, Clinics, Other End Users","North America, Europe, Asia Pacific (APAC), Middle East & Africa (MEA), South and Central America",,,,,,,"U.S., Canada, Mexico, France, Germany, UK, Spain, Italy, China, India, Japan, Australia, South Korea, Saudi Arabia, South Africa, UAE, Brazil, Argentina ",,,,
"Drug Modeling Software Market Forecast to 2027 - COVID-19 Impact and Global Analysis by Product type ( Database, Software, Others ); Application ( Drug Discovery and Development, Computational Physiological Medicine, Disease Modeling, Medical Imaging, Predictive Analysis of Drug Targets, Simulation Software, Cellular Simulation ), and Geography",https://www.theinsightpartners.com/reports/drug-modeling-software-market/,"US$ 6,205.22 million","US$ 11,299.85 million",8.1%,"Crown Bioscience Inc., Chemical Computing Group Ulc, Nimbus Therapeutics, Schrödinger, Inc., Dassault Systèmes, Genedata Ag, Biognos Ab, Compugen Ltd, Acellera ltd., Leadscope, Inc","North America, Europe, Asia Pacific (APAC), Middle East & Africa (MEA), South and Central America (SCAM)",Product Type,Application,Geography,,,,,"  Database, Software, Others","Drug Discovery and Development, Computational Physiological Medicine, Disease Modeling, Medical Imaging, Predictive Analysis of Drug Targets, Simulation Software, Cellular Simulation, Others","North America, Europe, Asia Pacific (APAC), Middle East & Africa (MEA), South and Central America (SCAM)",,,,,,,"US, Canada, Mexico, France, Germany, Italy, UK, Spain, China, India, South Korea, Japan, Australia, South Africa, Saudi Arabia, UAE, Brazil, Argentina",,,,
"Healthcare Fraud Analytics Market to 2027 - Global Analysis and Forecasts by Solution ( Predictive Analytics, Descriptive Analytics, Prescriptive Analytics ); Mode of Delivery ( On-Demand Delivery Models, On- Demand Delivery Models ); Application ( Insurance Claims Review, Pharmacy Billing Misuse, Payment Integrity, Medical Identity Theft, Other Applications ); End User ( Government Agencies, Private Insurance Payers, Third-party Service Providers, Employers ) and Geography.
",https://www.theinsightpartners.com/reports/healthcare-fraud-analytics-market/,"US$ 1,331.09 million","US$ 8,707.73 million",27.0%,"Conduent Inc., DXC Technology, Scioinspire, Corp., FICO, Optum, Inc., SAS Institute, Pondera Solutions, Lexisnexis Risk Solutions, Whitehatai, Cotiviti, Inc.","North America , Europe, Asia Pacific, Middle East & Africa, South America",Solution,Mode ,Application,End User,Geography,,,"Predictive Analytics, Descriptive Analytics, Prescriptive Analytics","On-Premise Delivery Models , Cloud Based Delivery Models","Insurance Claims Review, Pharmacy Billing Misuse, Payment Integrity, Identity Theft, Other Applications","Government Agencies, Private Insurance Payers, Third-party Service Providers, Employers","North America , Europe, Asia Pacific, Middle East & Africa, South America",,,,,,,"US, Canada, Mexico, France, Germany, Italy, UK, Russia, Rest of Europe, China, India, South Korea, Japan, Australia, Rest of Asia Pacific, South Africa, Saudi Arabia, UAE, Rest of Middle East and Africa, Brazil, Argentina, Rest of South America",,
"Laboratory Information Management Systems Market to 2025 - Global Analysis and Forecasts By Type (Standalone, Integrated), Deployment (On-premise, Web-Based, and Cloud-Based), Application (Sample Management, Workflow Automation, Records Management, Logistics Management, Enterprise Resource Planning, and Decision Making) & End-User (Hospitals & Clinics, Pharmaceutical Laboratories, Contract Research Organizations, and Other End Users) and Geography",https://www.theinsightpartners.com/reports/laboratory-information-management-systems-lims-market/,"US$ 1,475.6 Mn",US$ 742.8 Mn,9.2%,,,,,,,,,,,,,,,,,,,,,,,
"Point-of-Care Data Management Software Market Forecast to 2027 - COVID-19 Impact and Global Analysis By Application ( Infectious Disease Devices, Glucose Monitoring, Coagulation Monitoring, Urinalysis, Cardiometabolic Monitoring, Cancer Markers, Hematology, and Others); End User ( Hospitals/Critical Care Units, Diagnostic Centers, Clinics/Outpatient ), and Geography
",https://www.theinsightpartners.com/reports/point-of-care-data-management-software-market/,US$ 446.54 million,US$ 855.54 million,8.6%,"Abbott, Siemens Healthineers AG, Telcor Inc., F. Hoffmann-la Roche Ltd. , Orchard Software Corporation​, Randox Laboratories Ltd. , DataLink Software, LLC., Radiometer Medical ApS, Thermo Fisher Scientific Inc., Medical Information Technology, Inc.","North America, Europe, Asia Pacific (APAC), Middle East & Africa (MEA), South America (SAM)",Application,End User,Geography,,,,,"Glucose Monitoring, Hematology, Cardiometabolic Monitoring, Infectious Disease Devices, Coagulation Monitoring, Cancer Markers, Urinalysis, Others","Hospitals/Critical Care Units, Diagnostic Centers, Clinics/Outpatient","North America, Europe, Asia Pacific (APAC), Middle East & Africa (MEA), South America (SAM)",,,,,,,"US, Canada, Mexico, France, Germany, Italy, UK, Spain, Rest of Europe, China, India, South Korea, Japan, Australia, Rest of Asia Pacific, South Africa, Saudi Arabia, UAE, Rest of Middle East & Africa, Brazil, Argentina, Rest of South and Central America",,,,
"Healthcare BPO Services Market to 2025 - Global Analysis and Forecasts by Payer Service (Claims Administration, Billing, Member Management, Provider Management, Fraud Management, and Others); Provider Service (Medical Billing, Medical Coding, Finance & Accounts, and Others); Pharmaceutical Service (Research & Development, Manufacturing, Sales & Marketing, Supply Chain & Logistics, and Others) and Geography",https://www.theinsightpartners.com/reports/healthcare-bpo-market/,"US$ 416,431.8 Mn","US$ 192,131.6 Mn",10.4%,,,,,,,,,,,,,,,,,,,,,,,
"Electronic Trial Master File (eTMF) Market to 2027 - Global Analysis and Forecasts By Component (Service, Software); Delivery Mode (Cloud-Based eTMF, On-Premise eTMF), End-User (Pharmaceutical and Biotechnology Companies, CROs, Others); and Geography",https://www.theinsightpartners.com/reports/electronic-trial-master-file-etmf-market/,US$ 938.32 million,"US$ 3,155.64 million",16.5%,"Aurea, Inc., TRANSPERFECT, Covance Inc (Lab Corp), Oracle, Ennov, Mastercontrol, Inc., Omnicomm, Pharmavigilalnce, Veeva Systems, Phlexglobal","North America, Europe, Asia Pacific, Middle East & Africa, South America",Geography,,,,,,,"North America, Europe, Asia Pacific, Middle East & Africa, South America",,,,,,,"US, Canada, Mexico, France, Germany, Italy, UK, Russia, Rest of Europe, China, India, South Korea, Japan, Australia, Rest of Asia Pacific, South Africa, Saudi Arabia, UAE, Rest of Middle East and Africa, Brazil, Argentina, Rest of South America",,,,,,
"Quantitative Structure-Activity Relationship (QSAR) Market Forecast to 2027 - COVID-19 Impact and Global Analysis By Application (Drug Discovery, Molecular Modelling, Chemical Screening, Regulatory and Decision-Making, Other Applications); Industry (Pharmaceuticals, Cosmetics, Environmental, Food and Beverage), and Geography",https://www.theinsightpartners.com/reports/quantitative-structure-activity-relationship-qsar-market/,"US$ 1,888.5 million","US$ 1,388.1 million",4.0%,"Protoqsar Sl., , Intertek Group Plc, , Bibra Toxicology Advice And Consulting Ltd, , Covance Inc. (Labcorp), , Latham Biopharm Group, , Nsf International, , Creative Biolabs, , Qsar Lab Sp. Z O, , DassaultSystèmes.","North America, Europe, Asia Pacific (APAC), Middle East and Africa (MEA), South and Central America",Application,Industry,Geography,,,,,"Drug Discovery, Molecular Modelling, Chemical Screening, Regulatory and Decision-Making, Other Applications","Pharmaceuticals, Cosmetics, Environmental, Food and Beverages","North America, Europe, Asia Pacific (APAC), Middle East and Africa (MEA), South and Central America",,,,,,,"US, Canada, Mexico, France, Germany, Italy, UK, Spain, China, India, South Korea, Japan, Australia, South Africa, Saudi Arabia, UAE, Brazil, Argentina",,,,
"Clinical Decision Support Systems Market to 2027 - Global Analysis and Forecasts by Component (Software, Services, Hardware); Delivery Mode (On Premise, Cloud- Based, Web Based); Application (Drug-drug interactions, Drug allergy alerts, Clinical reminders, Clinical guidelines and Others); End User (Hospitals, Ambulatory Care Centers, Diagnostic Labs), and Geography",https://www.theinsightpartners.com/reports/clinical-decision-support-system-market/,"US$ 2,772.60 Mn","US$ 5,983.38 Mn",9.2%,"Cerner Corporation, Medical Information Technology, Inc., BD, Wolters Kluwer N.V., Baxter International Inc., Premier, Koninklijke Philips N.V., RELX (Elseiver), PeraHealth, Epic Systems Corporation","North America, Europe, Asia Pacific (APAC), Middle East & Africa (MEA), South America (SAM)",Component,Delivery Mode,Application,End User,Geography,,,"Software, Services, Hardware","On Premise, Cloud-Based, Web Based","Drug-drug Interaction, Drug Allergy, Clinical Reminders, Clinical Guidelines, Others","Hospitals, Ambulatory Care Centers, Diagnostic Labs","North America, Europe, Asia Pacific (APAC), Middle East & Africa (MEA), South America (SAM)",,,"MedMined Software, ICNet Software, Sentri7 Software, TheraDoc Software, Purell Smartlink Software, Others, Implementation Services, Support and Maintenance Services, Training and Consulting Services",,,,"U.S., Canada, Mexico, France, Germany, UK, Spain, Italy, China, India, Japan, Australia, South Korea, Saudi Arabia, South Africa, UAE, Brazil, Argentina",,
"Health Economics and Outcomes Research (HEOR) Services Market Forecast to 2027 - COVID-19 Impact and Global Analysis By Service (Economic Modelling/Evaluation, Real-World Data Analysis and Information Systems, Clinical Outcome, and Market Access Solutions and Reimbursement), Service Provider (Consultancy and Contract Research Organizations), End User (Healthcare Providers, Healthcare Payers, Biotech/Pharma Companies, and Government Organizations), and Geography",https://www.theinsightpartners.com/reports/health-economics-and-outcomes-research-heor-services-market/,"US$ 1,116.38 million","US$ 2,699.56 million",11.9%,"Axtria, Inc. , Avalon Health Economics LLC , MEDLIOR , PHARMALEX GMBH , Analysis Group , ICON PLC , IQVIA Inc. , McKESSON CORPORATION , Syneos Health , Optum, Inc. ","North America, Europe, Asia Pacific (APAC), Middle East & Africa (MEA), South America and Central America (SCAM)",Service,Service Provider,End User,Geography,,,,"Economic Modelling/Evaluation, Real-World Data Analysis and Information Systems, Clinical Outcome, Market Access Solutions and Reimbursement","Consultancy, Contract Research Organizations","Healthcare Providers, Healthcare Payers, Biotech/Pharma Companies, Government Organizations","North America, Europe, Asia Pacific (APAC), Middle East & Africa (MEA), South America and Central America (SCAM)",,,,,,,"US, Canada, Mexico, France, Germany, Italy, UK, Spain, Rest of Europe, China, India, South Korea, Japan, Australia, Rest of APAC, South Africa, Saudi Arabia, UAE, Rest of MEA, Brazil, Argentina, Rest of SCAM",,,
"Patient Portal Market Forecast to 2027 - COVID-19 Impact and Global Analysis By Product (Standalone Patient Portals and Integrated Patient Portals), Delivery Mode (Web-Based Delivery and Cloud-Based Delivery), and End User (Providers, Payers, Pharmacies, and Others) and Geography",https://www.theinsightpartners.com/reports/patient-portal-market/,"US$ 2,185.71 million","US$ 8,938.75 million",18.8%,"Cerner Corporation, Allscripts Healthcare, LLC, McKESSON CORPORATION, Optum, Inc., athenahealth, Inc. (Veritas Capital), Epic Systems Corporation, Greenway Health, LLC, CureMD Healthcare, General Electric Company, NEXTGEN HEALTHCARE INFORMATION SYSTEM, LLC","North America, Europe, Asia Pacific (APAC), Middle East & Africa (MEA), South America (SAM)",Product,Delivery Mode,End User,Geography,,,,"Standalone Patient Portals, Integrated Patient Portals","Web-Based Delivery, Cloud-Based Delivery","Providers, Payers, Pharmacies, Others","North America, Europe, Asia Pacific (APAC), Middle East & Africa (MEA), South America (SAM)",,,,,,,"US, Canada, Mexico, France, Germany, Italy, UK, Spain, Rest of Europe, China, India, South Korea, Japan, Australia, Rest of Asia Pacific, South Africa, Saudi Arabia, UAE, Rest of Middle East & Africa, Brazil, Argentina, Rest of South and Central America",,,
"IoT in Healthcare Market to 2025 - Global Analysis and Forecasts by Solution (Medical systems & Devices and Software Solutions & Tools), Services (Professional Services & Integration Services) Application (Medication Management, Patient Monitoring, Fitness & Wellness Measurement, Clinical Workflow Management and Others) and End-user (Patients & Individuals, Diagnostic & Research and Labs, Hospitals & Healthcare Institutes and Government Authority)
",https://www.theinsightpartners.com/reports/iot-healthcare-market/,US$ 20.2 Bn,US$ 135.9 Bn,21.2%,"Koninklijke Philips N.V., Medtronic Plc, Siemen Healthcare GmbH, Proteus Digital Health, Inc., IBM Watson Health, General Electric Healthcare, Microsoft Corporation, Qualcomm Life, Inc., STANLEY Healthcare, Verily Life Sciences LLC (Alphabet-Google)","North America, Europe, Asia Pacific (APAC), Middle East & Africa (MEA), South America (SAM)",Solution,Software Solutions,Services,Application,End,Geography,,"Medical Systems & Devices, Software Solutions & Tools, By Medical Systems & Devices, On-Body Wellness, On-Body Healthcare, Implanted","Data Analytics Tools & Solutions, Network Management Solutions, Security Solutions","Professional Services, Integration Services","Medication Management, Patient Monitoring, Fitness & Wellness Measurement, Clinical Workflow Management, Others","Patients & Individuals, Diagnostic & Research Centers and Labs, Hospital and Healthcare Institutes, Government Authority","North America, Europe, Asia Pacific (APAC), Middle East & Africa (MEA), South America (SAM)",,,,,,,"U.S., Canada, Mexico, France, Germany, Italy, Spain, U.K., Japan, China, India, Australia, Saudi Arabia, South Africa, UAE, Brazil",
"Pharmacovigilance and Drug Safety Software Market Forecast to 2027 - COVID-19 Impact and Global Analysis By Software Type (Adverse Event Reporting Software, Drug Safety Audits Software, Issue Tracking Software, and Fully Integrated Software); Delivery Mode (On-premise, Cloud-based); and End User (Pharmaceutical and Biotech Companies, Contract Research Organizations (CROs), Business Process Outsourcing (BPO) Firms, and Pharmacovigilance Service Providers), and Geography
",https://www.theinsightpartners.com/reports/pharmacovigilance-pv-and-drug-safety-software-market/,US$ 292.97 Mn,US$ 160.67 Mn,7.6%,"Veeva Systems                                               , IQVIA Inc.                                                          , Ennov                                                                , AB Cube                                                           , United Biosource LLC                                    , ArisGlobal LLC                                                 , Sparta Systems                                               , Oracle Corporation                                         , Sarjen Systems Pvt. Ltd                                 , EXTEDO                                                             , Maxapplication                                               , Online Business Applications, Inc.","North America, Europe, Asia Pacific (APAC), Middle East & Africa (MEA), South and Central America (SCAM)",Software Type,Delivery Mode,End User,Geography,,,,"Fully Integrated Software, Adverse Event Reporting Software, Drug Safety Audits Software, Issue Tracking Software ","Cloud-based, On-premise ","Contract Research Organizations, Pharmaceutical and Biotech Companies, Business Process Outsourcing","North America, Europe, Asia Pacific (APAC), Middle East & Africa (MEA), South and Central America (SCAM)",,,,,,,"US, Canada, Mexico, France, Germany, Italy, UK, Spain, Rest of Europe, China, India, South Korea, Japan, Australia, Rest of APAC, South Africa, Saudi Arabia, UAE, Rest of MEA, Brazil, Argentina, Rest of SCAM",,,
"Mass Spectrometry Software Market Forecast to 2027 - COVID-19 Impact and Global Analysis By Deployment Type (Cloud-based and On-premises) and Application (Pharmaceutical Companies, Research Organizations and Institutions, and Others)
",https://www.theinsightpartners.com/reports/mass-spectrometry-software-market/,"US$ 5,037.56 million","US$ 8,541.36 million",7.0%,"Waters Corporation, Thermo Fisher Scientific Inc., Agilent Technologies, Inc., Sciex (Danaher Corporation), Advanced Chemistry Development, Bruker, Adaptas Solutions, SpectralWorks Ltd., Shimadzu Scientific Instruments, PerkinElmer, Inc.","North America, Europe, Asia Pacific (APAC), Middle East & Africa (MEA), South and Central America (SCAM)",Deployment Type,Application,Geography,,,,,"Cloud-based, On-premises","Pharmaceutical Companies, Research Organizations and Institutions, Others","North America, Europe, Asia Pacific (APAC), Middle East & Africa (MEA), South and Central America (SCAM)",,,,,,,"US, Canada, Mexico, France, Germany, Italy, UK, Russia, Rest of Europe, China, India, South Korea, Japan, Australia, Rest of APAC, South Africa, Saudi Arabia, UAE, Rest of MEA, Brazil, Argentina, Rest of SCAM",,,,
"Healthcare Mobility Solutions Market Forecast to 2027 - COVID-19 Impact and Global Analysis By Products and Services (Mobile Devices, Mobile Applications, and Enterprise Mobility Platforms), Application (Enterprise Solutions and mHealth Applications), and End User (Healthcare Payers, Healthcare Providers, and Patients), and Geography
",https://www.theinsightpartners.com/reports/healthcare-mobility-solutions-market/,"US$ 57,162.65 million","US$ 272,054 million",22.2%,"Oracle Corporation, Cisco Systems, Inc., Koninklijke Philips N.V., Sap SE, Zebra Technologies Corporation, Cerner Corporation, AT&T Inc., Honeywell International Inc., [X]CUBE Labs, AirStrip.","North America, Europe, Asia Pacific (APAC), Middle East & Africa (MEA), South and Central America (SCAM)",Products ,Application,End User,Geography,,,,"Mobile Devices, Mobile Applications, Enterprise Mobility Platforms","Enterprise Solutions, mHealth Applications","Healthcare Payers, Healthcare Providers, Patients","North America, Europe, Asia Pacific (APAC), Middle East & Africa (MEA), South and Central America (SCAM)",,,,"Mobile Computers, RFID Scanners, Barcode Scanners, Other Mobile Devices","Patient Care Management, Operations Management, Workforce Management, Weight Loss, Women’s Health, Sleep Monitoring, Medication Management Market, Other mHealth Applications",,"US, Canada, Mexico, France, Germany, Italy, UK, Spain, Rest of Europe, China, India, South Korea, Japan, Australia, Rest of APAC, South Africa, Saudi Arabia, UAE, Rest of MEA, Brazil, Argentina, Rest of SCAM",,,
"Pharmacy Management System Market to 2027 - Global Analysis and Forecasts By Component (Solutions, Services); Deployment (Cloud-based, On-premise); Size (Small- and Medium-sized Pharmacies, Large Pharmacy), and Geography",https://www.theinsightpartners.com/reports/pharmacy-management-system-market/,"US$ 16,056.04 million","US$ 39,223.60 million",11.9%,"McKesson Corporation, Cerner Corporation, BD, General Electric Company, Allscripts Healthcare, LLC, Epicor Software Corporation, Talyst LLC (Swisslog Healthcare), OMNICELL INC., ACG Infotech Ltd., Clanwilliam Health","North America, Europe, Asia Pacific (APAC), Middle East & Africa (MEA), South and Central America",Component,Deployment,Size,Geography,,,,"Solutions, Services","Cloud-based, On-premise","Small- and Medium-sized Pharmacies, Large Pharmacy","North America, Europe, Asia Pacific (APAC), Middle East & Africa (MEA), South and Central America",,,,"Inventory Management, Purchase Orders Management, Supply Chain Management, Regulatory and Compliance Information, Clinical and Administrative Performance, Other Solutions",,,"U.S., Canada, Mexico, France, Germany, UK, Spain, Italy, China, India, Japan, Australia, South Korea, Saudi Arabia, South Africa, UAE, Brazil, Argentina",,,
"Patient Registry Software Market Forecast to 2027 - COVID-19 Impact and Global Analysis By Software (Standalone and Integrated), Database (Public and Commercial), Registry (Product Registries, Disease Registries, and Health Service Registries), Mode of Delivery (On-Premise   and Cloud-Based  ), and Pricing Model (Subscription and Ownership) and Geography
",https://www.theinsightpartners.com/reports/patient-registry-software-market/,US$ 930.06 million,"US$ 2,426.58 million",12.9%,"IQVIA Inc., FIGmd Inc., Medstreaming, Open Text Corporation, Evado Clinical, LUMEDX, CEDARON, IBM Corporation, Mckesson Corporation, Dacima Software Inc.","North America, Europe, Asia Pacific, Middle East & Africa, South and Central America",Software,Database,Type ,Mode ,Pricing Model,Geography,,"Standalone, Integrated","Public, Commercial","Product Registry, Disease Registry, Health Service Registry","On-Premises, Cloud-Based","Ownership, Subscription","North America, Europe, Asia Pacific, Middle East & Africa, South and Central America",,,,,,,"US, Canada, Mexico, France, Germany, Italy, UK, Russia, Rest of Europe, China, India, South Korea, Japan, Australia, Rest of Asia Pacific, South Africa, Saudi Arabia, UAE, Rest of Middle East & Africa, Brazil, Argentina, Rest of South and Central America",
"Medical Affairs Outsourcing Market Forecast to 2027 - COVID-19 Impact and Global Analysis By Services (Medical Writing and Publishing, Medical Monitoring, Medical Science Liaisons (MSLs), Medical Information, and Others) and Application (Pharmaceutical, Biopharmaceutical, and Medical Devices), and Geography",https://www.theinsightpartners.com/reports/medical-affairs-outsourcing-market/,"US$ 1,415.00 million","US$ 3,287.12 million",11.2%,"ICON PLC , IQVIA Inc, Syneos Health , WuXi AppTec, SGS SA, PPD Inc, PAREXEL INTERNATIONAL CORPORATION , Indegene , Excelya, UDG Healthcare plc.","North America, Europe, Asia Pacific (APAC), Middle East & Africa (MEA), South and Central America (SCAM)",Service,Application,Geography,,,,,"Medical Writing and Publishing, Medical Science Liaisons (MSLs), Medical Information, Medical Monitoring, Others","Pharmaceuticals, Medical Devices, Biopharmaceutical","North America, Europe, Asia Pacific (APAC), Middle East & Africa (MEA), South and Central America (SCAM)",,,,,,,"US, Canada, Mexico, France, Germany, Italy, UK, Spain, Rest of Europe, China, India, South Korea, Japan, Australia, Rest of APAC, South Africa, Saudi Arabia, UAE, Rest of MEA, Brazil, Argentina, Rest of SCAM",,,,
"Patient Flow Management Market to 2025 - North America Analysis and Forecasts By Product (Integrated and Standalone), Type (Real-Time Locating Systems and Event-Driven Patient Tracking), Component (Software, Hardware and Services); and Delivery Mode (On-Premise and Cloud-Based) and Country",https://www.theinsightpartners.com/reports/patient-flow-management-market/,"US$ 1,028.23 Mn",US$ 218.24 Mn,21.9%,,,,,,,,,,,,,,,,,,,,,,,
"Artificial Intelligence in Healthcare Diagnosis Market Forecast to 2027 - COVID-19 Impact and Global Analysis By Diagnostic Tool (Medical Imaging Tool, Automated Detection System, and Others); Application (Eye Care, Oncology, Radiology, Cardiovascular, and Others); End User (Hospital and Clinic, Diagnostic Laboratory, and Home Care); Service (Tele-Consultation, Tele Monitoring, and Others); and Geography
",https://www.theinsightpartners.com/reports/artificial-intelligence-in-healthcare-diagnosis-market/,"US$ 3,639.02 million","US$ 66,811.97 million",44.0%,"General Electric Company, Aidoc, Arterys Inc., Icometrix, IDx Technologies Inc, MaxQ AI Ltd., Caption Health, Inc., Zebra Medical Vision Inc., Siemens Healthineers AG, Koninklijke Philips N.V","North America, Europe, Asia Pacific (APAC), Middle East and Africa (MEA), South and Central America (SCAM)",Diagnostic Tool,Application,Service,End User,Geography,,,"Medical Imaging Tool, Automated Detection System, Others","Eye Care, Oncology, Radiology, Cardiovascular, Others","Tele-Consultation, Tele Monitoring, Others","Hospitals and Clinics, Diagnostic Laboratory, Home Care","North America, Europe, Asia Pacific (APAC), Middle East and Africa (MEA), South and Central America (SCAM)",,,,,,,"US, Canada, Mexico, France, Germany, Italy, UK, Russia, China, India, South Korea, Japan, Australia, South Africa, Saudi Arabia, UAE, Brazil, Argentina",,
"Telehealth Market to 2025 - Global Analysis and Forecasts by Product (Integrated and Standalone), Type (Hardware, Services, and Software), Mode of Delivery (On-Premise, Web-Based, and Cloud-Based); and End User (Patients, Payers, and Healthcare Providers)",https://www.theinsightpartners.com/reports/telehealth-market/,"US$ 12,083.5 million","US$ 42,227.9 million",17.7%,"Medtronic, CERNER CORPORATION, TUNSTALL, AMD GLOBAL TELEMEDICINE, KONINKLIJKE PHILIPS N.V., AMERICAN WELL, AEROTEL MEDICAL SYSTEMS LTD., HONEYWELL LIFE CARE SOLUTIONS, MEDVIVO GROUP LTD, CISCO SYSTEMS, INC.,  ","North America, Europe, Asia Pacific (APAC), Middle East & Africa (MEA), South America (SAM)",Type,Mode Of,Product,Type,Mode ,End User,Geography,"Integrated, Standalone, Hardware, Software, Services","Integrated, Standalone","Integrated, Standalone","On-Premise, Web-Based, Cloud-Based","Patients, Payers, Healthcare Providers","North America, Europe, Asia Pacific (APAC), Middle East & Africa (MEA), South America (SAM)",,,,,,,"US, Canada, Mexico, France, Germany, Italy, UK, Spain, Rest of Europe, China, India, South Korea, Japan, Australia, Rest of APAC, South Africa, Saudi Arabia, UAE, Rest of MEA, Brazil, Argentina, Rest of SAM",
"Healthcare Gamification Market Forecast to 2027 - COVID-19 Impact and Global Analysis By Game Type (Casual Games, Serious Games, and Exercise Games); Application (Fitness Management, Medical Training, Physical Therapy, and Others); End User (Enterprise-Based Users and Consumer-Based Users), and Geography
",https://www.theinsightpartners.com/reports/healthcare-gamification-market/,"US$35,982.7 million","US$ 3,072.5 million",36.2%,"Cognifit, Mango Health, Bunchball, Ayogo Health Inc., Fitbit, Inc., Akili Interactive Labs, Inc., Nike, Inc., Cohero Health, Inc., Higi Sh Llc, Mysugr","North America, Europe, Asia-Pacific (APAC), Middle East and Africa (MEA), South and Central America",Geography,,,,,,,"North America, Europe, Asia-Pacific (APAC), Middle East and Africa (MEA), South and Central America",,,,,,,"US, Canada, Mexico, France, Germany, Italy, UK, Spain, Rest of Europe, China, India, South Korea, Japan, Australia, Rest of Asia-Pacific, South Africa, Saudi Arabia, UAE, Rest of Middle East &Africa, Brazil, Argentina, Rest of South and Central America",,,,,,
"Artificial Intelligence (AI) in Healthcare Market Forecast to 2027 - COVID-19 Impact and Global Analysis By Component (Software Solution, Hardware, and Services), Application (Robot Assisted Surgery, Virtual Assistants, Administrative Workflow Assistants, Connected Machines, Diagnosis, Clinical Trials, Fraud Detection, Cybersecurity, Dosage Error Reduction, and Others), End User (Hospitals & Healthcare Providers, Patients, Pharma & Biotech Companies, Healthcare Payers, and Others), and Geography",https://www.theinsightpartners.com/reports/artificial-intelligence-ai-in-healthcare-market/,"US$ 3,991.23 million","US$ 107,797.82 million",49.8%,"Microsoft , Koninklijke Philips N.V. , Intel Corporation , General Electric Company , Alphabet Inc. , NVIDIA CORPORATION , Nuance Communications, Inc. , Siemens Healthineers AG , Arterys Inc. , Johnson & Johnson Services, Inc.","North America, Europe, Asia Pacific (APAC), Middle East & Africa (MEA), South America and Central America (SCAM)",Component,Application,End User,Geography,,,,"Software Solution, Hardware, Services","Robot Assisted Surgery, Virtual Assistants, Administrative Workflow Assistants, Connected Machines, Diagnosis, Clinical Trials, Fraud Detection, Cybersecurity, Dosage Error Reduction, Others","Hospitals & Healthcare Providers, Patients, Pharma & Biotech Companies, Healthcare Payers, Others","North America, Europe, Asia Pacific (APAC), Middle East & Africa (MEA), South America and Central America (SCAM)",,,,,,,"US, Canada, Mexico, France, Germany, Italy, UK, Spain, Rest of Europe, China, India, South Korea, Japan, Australia, Rest of APAC, South Africa, Saudi Arabia, UAE, Rest of MEA, Brazil, Argentina, Rest of SCAM",,,
"Dental Practice Management Software Market Forecast to 2027 - COVID-19 Impact and Global Analysis By Delivery Mode (On-Premise Delivery Mode, Web-Based Delivery Mode and Cloud-Based Delivery Mode), Component (Patient Communication Software, Scheduling Software, Invoice/Billing Software, Insurance Management Software, and Other Components) and Geography",https://www.theinsightpartners.com/reports/dental-practice-management-software-market/,"US$ 4,030.80 million","US$ 1,834.80 million",10.9%,"Carestream Dental, LLC., Curve Dental, Inc., Datacon Dental Systems, Epic Systems Corporation, DentiMax, Henry Schein, Inc., Patterson Dental Supply, Inc., Gaargle Solutions Inc., NXGN Management, LLC, Compudent Systems Inc.","US, Canada, Mexico",Delivery Mode,Component,Geography,,,,,"Web-Based Delivery Mode, Cloud-Based Delivery Mode, On-Premise Delivery Mode","Scheduling Software, Patient Communication Software, Invoice/Billing Software, Insurance Management Software, Other Components","US, Canada, Mexico",,,,,,,,,,,
"Practice Management Systems Market to 2027 - Global Analysis and Forecasts By Product (Standalone and Integrated); Delivery Mode (Cloud Based, Web Based, and On Premise); Component (Software and Services); and Geography",https://www.theinsightpartners.com/reports/practice-management-system-market/,"US$ 3,143.76 million","US$ 6,740.84 million",10.2%,"Allscripts Healthcare Solutions, Inc., Athena Health, Cerner Corporation, Epic, eClinicalWorks, GE Healthcare, McKesson Corporation, Medical Information Technology, Inc., Nextgen Healthcare Information System, LLC, Henry Schein","North America, Europe, Asia Pacific, Middle East & Africa, South America",Product ,Delivery Mode,Component,Geography,,,,"Standalone, Integrated","On-Premise, Cloud-Based, Web-Based","Software, Services","North America, Europe, Asia Pacific, Middle East & Africa, South America",,,,,,,"US, Canada, Mexico, France, Germany, Italy, UK, Russia, Rest of Europe, China, India, South Korea, Japan, Australia, Rest of Asia Pacific, South Africa, Saudi Arabia, UAE, Rest of Middle East and Africa, Brazil, Argentina, Rest of South America",,,
"Tele-Intensive Care Unit Market to 2025 - Global Analysis and Forecasts by Type (Centralized, Decentralized, and Others), Component (Hardware, Software) and Geography",https://www.theinsightpartners.com/reports/tele-intensive-care-unit-market/,"US$ 7,363.3 Mn","US$ 1,541.8 Mn",22.5%,"InTouch Technologies, Inc., Advanced ICU Care, Koninklijke Philips N.V., UPMC, Banner Health, TeleICUCare, Eagle Telemedicine, Apollo Tele Health Services, SOC Telemed, INTeleICU","North America, Europe, Asia Pacific , Middle East & Africa, South & Central America",Type,Component,Geography,,,,,"Centralized, Decentralized, Other (Hybrid)","Hardware, Software","North America, Europe, Asia Pacific , Middle East & Africa, South & Central America",,,,,,"Therapeutic Devices, Computer Systems, Communication Lines","US, Canada, Mexico, France, Germany, U.K, Japan, China, India, UAE, Saudi Arabia, South Africa, Argentina, Brazil",,,,
