Title,Link,Market size,Forecasted Market Size/ Revenue,CAGR (%) ,Companies ,Geographies/ Regions covered,Segment 1,Segment 2,Segment 3,Segment 4,Segment 5,Segment 6,Sub-segment 1,Sub-segment 2,Sub-segment 3,Sub-segment 4,Sub-segment 5,Sub-segment 6,Level 1,Level 2,Level 3,Level 4,Level 5,Level 6
"Dye Sublimated Apparel Market Size, Share & Trends Analysis Report By Product (T-shirts, Leggings), By Printing Technique (3D Vacuum, Small Format Heat Press), By Distribution Channel, And Segment Forecasts, 2020 - 2027",https://www.grandviewresearch.com/industry-analysis/dye-sublimated-apparel-market,USD 4.1 billion ,"
USD 8.38 billion
",9.5%,"
Gildan, Under Armour, Inc., HanesBrands, Inc., Royal Apparel, Bella+Canvas, dasFlow Custom Athletic Apparel, Oasis Sublimation, Wooter Apparel, Renfro Corp., Augusta Sportswear Brands
","North America, Europe, Asia Pacific, Central & South America, Middle East & Africa",Product ,Printing Technique ,Distribution Channel ,Regional ,,,"T-shirts, Leggings, Hoodies, Golf Shirts, Others","Small Format Heat Press, Calender Heat Press, Flatbed Heat Press, 3D Vacuum Heat Press","Online, Offline","North America, Europe, Asia Pacific, Central & South America, Middle East & Africa",,,,,," U.S., Germany, U.K., China, India, Brazil, South Africa",,
"Maternity Innerwear Market Size, Share & Trends Analysis Report By Type (Maternity Briefs, Maternity/Nursing Bras), Distribution Channel (Online, Offline), By Region (North America, Asia Pacific), And Segment Forecasts, 2020 - 2027",https://www.grandviewresearch.com/industry-analysis/maternity-innerwear-market,USD 6.44 billion ,"
USD 9.23 billion
",4.6%,"
Seraphine, FirstCry, H&M, Triumph International, Wacoal, Mamacouture, Hotmilk Lingerie, Adore Me, Inc. (Belabumbum), Fresh Venturz LLP, CLOVIA
","North America, Europe, Asia Pacific, Central & South America, Middle East & Africa",Type ,Distribution Channel ,Regional ,,,,"Maternity/Nursing Bras, Camisoles, Shapewear, Maternity Briefs","Online, Offline","North America, Europe, Asia Pacific, Central & South America, Middle East & Africa",,,,,,"U.S., U.K., Germany, China, India, Brazil, South Africa",,,
"Sustainable Athleisure Market Size, Share & Trends Analysis Report By Type (Mass, Premium), By Product (Shirt, Yoga Pant, Leggings, Shorts), By Gender, By Distribution Channel, By Region, And Segment Forecasts, 2020 - 2027",https://www.grandviewresearch.com/industry-analysis/sustainable-athleisure-market,USD 79.41 billion ,"
USD 117.4 billion
",5.0%,"
Vuori, PANGAIA, Outerknown, ABLE, Hanesbrands Inc., EILEEN FISHER, Patagonia, Inc., Adidas AG, Pact, LLC, Under Armour Inc.
","North America, Europe, Asia Pacific, Central & South America, Middle East & Africa",Type ,Product ,Gender ,Distribution Channel ,Regional ,,"Mass, Premium","Shirt, Yoga Pant, Leggings, Shorts, Others","Men, Women","Offline, Online","North America, Europe, Asia Pacific, Central & South America, Middle East & Africa",,,,,,"U.S., Germany, U.K., France, China, India, Brazil",
"Luxury Footwear Market Size, Share & Trends Analysis Report By Product (Formal Shoes, Casual Shoes), By End Use (Men, Women, Children), By Distribution Channel (Offline, Online), By Region, And Segment Forecasts, 2020 - 2027",https://www.grandviewresearch.com/industry-analysis/luxury-footwear-market,USD 31.61 billion ,"
USD 49.01 billion
",5.6%,"
LVMH, Chanel S.A., Burberry, Silvano Lattanzi, Prada S.p.A, A.Testoni, Dr. Martens, Base London, John Lobb Bootmaker, Salvatore Ferragamo, Lottusse - Mallorca, Adidas AG
","North America, Europe, Asia Pacific, Central & South America, Middle East & Africa (MEA)",Product ,use ,Distribution Channel ,Regional ,,,"Formal Shoes, Casual Shoes","Men, Women, Children","Online, Offline","North America, Europe, Asia Pacific, Central & South America, Middle East & Africa (MEA)",,,,,,"The U.S., Germany, Italy, France, China, Japan, Brazil",,
"Diabetic Socks Market Size, Share & Trends Analysis Report By Product (Ankle Length, Calf Length, Knee Length), By Distribution Channel (Hypermarkets, E-commerce), By Region, And Segment Forecasts, 2020 - 2027",https://www.grandviewresearch.com/industry-analysis/diabetic-socks-market,USD 196.9 million ,"
USD 303.2 million
",5.5%,"
BSN Medical, SIGVARIS, SIMCAN, 3M, Syounaa, HangZhou Aidu Trading Co., Ltd., Soyad Brothers LLC., DJO, LLC, PediFix Inc., Cupron, Thorlo Inc., Reflexa
","North America, Europe, Asia Pacific, Central & South America, Middle East & Africa (MEA)",Product ,Distribution Channel ,Regional ,,,,"Ankle length, Calf length, Knee-length","Hypermarkets, Pharmacy & Drug stores, E-commerce, Others","North America, Europe, Asia Pacific, Central & South America, Middle East & Africa (MEA)",,,,,,"The U.S., Germany, The U.K., France, China, India, Brazil",,,
"Medical Footwear Market Size, Share & Trends Analysis Report By End Use (Men, Women), By Distribution Channel (Offline, Online), By Region (North America, Europe, APAC, Central & South America, MEA), And Segment Forecasts, 2020 - 2027",https://www.grandviewresearch.com/industry-analysis/medical-footwear-market,USD 8.30 billion ,"
USD 12.97 billion
",5.7%,"
New Balance, Dr. Comfort, Mephisto, Aetrex Worldwide, Inc., Orthofeet, Duna, Darco International Inc., Aetrex Worldwide, Inc., Dr. Zen, Inc., Gravity Defyer Corp.
","North America, Europe, Asia Pacific, Central & South America, Middle East & Africa (MEA)",use ,Distribution Channel ,Regional ,,,,"Men, Women","Offline, Online","North America, Europe, Asia Pacific, Central & South America, Middle East & Africa (MEA)",,,,,,"The U.S., Germany, The U.K., France, China, India, Brazil",,,
"Tactical Footwear Market Size, Share & Trends Analysis Report By Product (Boots, Shoes), By Distribution Channel (Offline, Online), By Region, And Segment Forecasts, 2020 - 2027",https://www.grandviewresearch.com/industry-analysis/tactical-footwear-market,USD 1.59 billion ,"
USD 2.37 billion
",5.1%,"
Under Armour, Inc., 5.11, Lacrosee Footwear Inc., Wolverine World Wide, VF Corporation, Magnum Boots, Maelstrom Footwear, Adidas AG, Belleville Boot Company
","North America, Europe, Asia Pacific, Central & South America, Middle East & Africa (MEA)",Product ,Distribution Channel ,Regional ,,,,"Boots, Shoes","Offline, Online","North America, Europe, Asia Pacific, Central & South America, Middle East & Africa (MEA)",,,,,,"The U.S., Germany, France, The U.K., China, India, Brazil",,,
"Golf Gloves Market Size, Share & Trends Analysis Report By Type (Individual, Institutional, Promotional), By Distribution Channel (Offline, Online), By Region, And Segment Forecasts, 2020 - 2027",https://www.grandviewresearch.com/industry-analysis/golf-gloves-market,USD 310.0 million ,"
USD 396.8 million
",3.13%,"
Callaway Golf Company, SRIXON, Acushnet Holdings Corp., Under Armour Inc., Zero Friction, TAYLORMADE GOLF COMPANY, INC.
","North America, Europe, Asia Pacific, Central & South America (CSA), Middle East & Africa (MEA)",Type ,Distribution Channel ,Regional ,,,,"Individual Golf Gloves, Institutional Golf Gloves, Promotional Golf Gloves","Offline, Online","North America, Europe, Asia Pacific, Central & South America (CSA), Middle East & Africa (MEA)",,,,,,"The U.S., The U.K., Germany, China, Japan, Australia, Brazil, Saudi Arabia",,,
"Vegan Women’s Fashion Market Size, Share & Trends Analysis Report By Product (Accessories, Clothing & Apparel, Footwear), By Distribution Channel (E-commerce, Specialty Stores), By Region, And Segment Forecasts, 2020 - 2027",https://www.grandviewresearch.com/industry-analysis/vegan-womens-fashion-market,USD 396.3 billion ,"
USD 1095.6 billion
",13.6%,"
GANNI, ENVELOPE 1976, THOUGHT CLOTHING, Mayamiko, Whimsy & Row, Reformation, FAITHFULL THE BRAND PTE.LTD, Stine Goya, Hiraeth Collective
","North America, Europe, Asia Pacific, Central & South America, Middle East & Africa (MEA)",Product ,Distribution Channel ,Regional ,,,,"Accessories, Clothing & Apparel, Footwear","E-commerce, Hypermarkets/Supermarkets, Departmental Stores, Specialty Stores, Others","North America, Europe, Asia Pacific, Central & South America, Middle East & Africa (MEA)",,,,,,"The U.S., Germany, The U.K., France, China, India, Brazil",,,
"Fishing Reels Market Size, Share & Trends Analysis Report By Type (Spinning Reel, Baitcasting Reel, Spincast Reel), By Distribution Channel (Online, Offline), By Region, And Segment Forecasts, 2020 - 2027",https://www.grandviewresearch.com/industry-analysis/fishing-reels-market,USD 4.29 billion ,"
USD 5.97 billion
",4.2%,"
Stradic, Daiwa, Creed GT, Penn Spinfisher, Pflueger, Shimano, Orvis, Okuma, LL Bean, Abu
","North America, Europe, Asia Pacific, Central & South America, Middle East & Africa",Type ,Distribution Channel ,Regional ,,,,"Spinning Reel, Baitcasting Reel, Spincast Reel, Others","Online, Offline","North America, Europe, Asia Pacific, Central & South America, Middle East & Africa",,,,,,"The U.S., Germany, The U.K., China, Japan, Brazil, UAE",,,
"Cycling Wear Market Size, Share & Trends Analysis Report By Product (Cycle Wear Apparel, Cycle Wear Accessories), By Distribution Channel, By Region, And Segment Forecasts, 2020 - 2027",https://www.grandviewresearch.com/industry-analysis/cycling-wear-market,USD 5.49 billion ,"
USD 7.88 billion
",4.6%,"
LUMIERE CYCLING, GIRO SPORT DESIGN, Castelli Cycling, Rapha Racing Limited, Champion System, United Apparel Solution Ltd. (Cuore of Switzerland Inc.), ASSOS of Switzerland GmbH, Endura Limited, Isadore apparel, 2XU
","North America, Europe, Asia Pacific, Central & South America, Middle East & Africa (MEA)",Product ,Distribution Channel ,Regional ,,,,"Cycle Wear Apparel, Cycle Wear Accessories","Hypermarket and Supermarket, Sports Variety Stores, E-commerce, Others","North America, Europe, Asia Pacific, Central & South America, Middle East & Africa (MEA)",,,,,,"The U.S., Germany, France, The U.K., China, Japan, Brazil",,,
"U.S. Disposable Face Mask Market Size, Share & Trends Analysis Report By Product (Protective, Dust, Non-woven), By Application (Industrial, Personal), By Distribution Channel, By States, And Segment Forecasts, 2020 - 2027",https://www.grandviewresearch.com/industry-analysis/us-disposable-face-mask-market,USD 10.18 billion ,"
USD 6.21 billion
",60.8%,"
Honeywell International Inc., 3M, Kimberly Clark Worldwide, SAS Safety Corp, Gerson, KOWA, Uvex, Moldex
",,Product ,Application ,Distribution Channel ,States ,,,"Protective, Dust, Non-woven","Industrial, Personal","Online, Offline","California, Texas, New York, Florida, Illinois, Pennsylvania",,,,,,,,
"Laptop Messenger Bags Market Size, Share & Trends Analysis Report By Distribution Channel (Offline, Online), By Region (North America, Europe, Asia Pacific, CSA, MEA), And Segment Forecasts, 2020 - 2027",https://www.grandviewresearch.com/industry-analysis/laptop-messenger-bags-market,USD 496.5 million ,"
USD 636.3 million
",3.1%,"
CASE U, Messenger-bag.org., Amazon.com, Inc., Mobile Edge, LEATHER BAGS, Dell, Hewlett-Packard, Calvin Klein, Helly Hansen, and Everlane
","North America, Europe, Asia Pacific, Central & South America, Middle East & Africa",Distribution Channel ,Regional ,,,,,"Offline, Online","North America, Europe, Asia Pacific, Central & South America, Middle East & Africa",,,,,,"The U.S., Germany, The U.K., China, India, Brazil, South Africa",,,,
"Surfing Apparel & Accessories Market Size, Share & Trends Analysis Report By Product (Surf Apparel, Surf Accessories), By Distribution Channel (Offline, Online), By Region, And Segment Forecasts, 2020 - 2027",https://www.grandviewresearch.com/industry-analysis/surfing-apparel-accessories-market,USD 1.04 billion ,"
USD 1.56 billion
",5.3%,"
Quicksilver, Billabong International, Hurley, O'Neill, RVCA, Volcom, Globe International, Reef Sports, Roxy, Ripcurl, and Oakley
","North America, Europe, Asia Pacific, Central & South America, Middle East & Africa",Product ,Distribution Channel ,Regional ,,,,"Surf Apparel, Surf Accessories","Offline, Online","North America, Europe, Asia Pacific, Central & South America, Middle East & Africa",,,,,,"The U.S., The U.K., France, Spain, Australia, New Zealand, Brazil",,,
"Fashion Face Mask Market Size, Share & Trends Analysis Report By Product (Anti-pollution, Non Anti-pollution), By Distribution Channel (Offline, Online), By Region, And Segment Forecasts, 2020 - 2027",https://www.grandviewresearch.com/industry-analysis/fashion-face-mask-market,USD 465.4 million ,"
USD 2380 million
",22.7%,"
Vogmask, Airpop, FREKA, Onmask Lifesciences, Cambridge masks, idMASK, Tecmask, Bangni, RZ Mask, and Respro
","North America, Europe, Asia Pacific, Central & South America, Middle East & Africa",Product ,Distribution Channel ,Regional ,,,,"Anti-pollution, Non Anti-pollution","Offline, Online","North America, Europe, Asia Pacific, Central & South America, Middle East & Africa",,,,,,"U.S., Germany, U.K., Italy, China, India, Brazil",,,
"Sustainable Footwear Market Size, Share & Trends Analysis Report By Type (Athletic, Non-athletic), By End User (Men, Women, Children), By Region, And Segment Forecasts, 2020 - 2027",https://www.grandviewresearch.com/industry-analysis/sustainable-footwear-market,USD 7.5 billion ,"
USD 11.8 billion
",5.8%,"
Tropicalfeel, Adidas group, Nike, New Balance, Rothy’s, Veja, Reformation, Nisolo, Native shoes, MATISSE FOOTWEAR, Amour Vert, Threads 4 thought
","North America, Europe, Asia Pacific, Central & South America, Middle East & Africa",Type ,user ,Regional ,,,,"Athletic, Non-athletic","Men, Women, Children","North America, Europe, Asia Pacific, Central & South America, Middle East & Africa",,,,,,"The U.S., Germany, The U.K., China, India, Brazil, South Africa",,,
"Disposable Face Mask Market Size, Share & Trends Analysis Report By Product (Protective, Dust, Non-woven), By Application (Industrial, Personal), By Distribution Channel, And Segment Forecasts, 2020 - 2027",https://www.grandviewresearch.com/industry-analysis/disposable-face-masks-market,USD 74.90 billion ,"
USD 23.81 billion
",53.0%,"
Honeywell, 3M, Moldex, Kimberly Clark, Uvex, KOWA, SAS Safety Corp.
","North America, Europe, Asia Pacific, Central & South America (CSA), Middle East & Africa (MEA)",Product ,Application ,Distribution Channel ,Regional ,,,"Protective Masks, Dust Masks, Non-woven Masks","Industrial, Personal","Online, Offline","North America, Europe, Asia Pacific, Central & South America (CSA), Middle East & Africa (MEA)",,,,,,"U.S., Germany, U.K., India, China, Brazil, South Africa",,
"Anti-pollution Mask Market Size, Share & Trends Analysis Report By Product (Disposable, Reusable), By Distribution Channel (Online, Offline), By Region, And Segment Forecasts, 2020 - 2027",https://www.grandviewresearch.com/industry-analysis/anti-pollution-mask-market,USD 2.7 billion ,,,,"North America, Europe, Asia Pacific, Central & South America, Middle East & Africa (MEA)",Product ,Distribution Channel ,Regional ,,,,"Disposable Mask, Reusable Mask","Offline, Online","North America, Europe, Asia Pacific, Central & South America, Middle East & Africa (MEA)",,,,,,"The U.S., Mexico, Germany, China, India, Brazil, South Africa",,,
"Hiking Gear & Equipment Market Size, Share & Trends Analysis Report By Product (Clothes, Footwear, Backpack, Equipment), By Distribution Channel (Specialty Stores, Retail Stores, Online), By Region, And Segment Forecasts, 2020 - 2027",https://www.grandviewresearch.com/industry-analysis/hiking-gear-equipment-market,USD 4.5 billion ,,,,"North America, Europe, Asia Pacific, Central & South America, Middle East & Africa (MEA)",Product ,Distribution Channel ,Regional ,,,,"Clothes, Footwear, Backpack, Equipment, Others","Specialty stores, Retail stores, Online","North America, Europe, Asia Pacific, Central & South America, Middle East & Africa (MEA)",,,,,,"The U.S., Germany, The U.K., China, Japan, Brazil",,,
"Fish Hunting Equipment Market Size, Share & Trends Analysis Report By Product (Fishing Rods, Fishing Reels, Baits & Lures, Others), By Distribution Channel, By Region, And Segment Forecasts, 2020 - 2027",https://www.grandviewresearch.com/industry-analysis/fish-hunting-equipment-market,USD 15.2 billion ,,,,"North America, Europe, Asia Pacific, Central & South America, Middle East & Africa",Product ,Distribution Channel ,Regional ,,,,"Fishing Rods, Fishing Reels, Baits & Lures, Others","Offline, Online","North America, Europe, Asia Pacific, Central & South America, Middle East & Africa",,,,,,"The U.S., Germany, The U.K., Japan, Australia, Brazil",,,
"Bamboo Toothbrush Market Size, Share & Trends Analysis Report By End Use (Adults, Kids), By Distribution Channel (Online, Offline), By Region (North America, Europe, APAC, CSA, MEA), And Segment Forecasts, 2020 - 2027",https://www.grandviewresearch.com/industry-analysis/bamboo-toothbrush-market,USD 23.5 million ,"
USD 48.3 million
",9.5%,"
Colgate-Palmolive Company, The Humble Co., Ecolife Innovations LLC, Brush with Bamboo, The Bamboo Brush Society, Bamboo Brush Co., Mother’s Vault, Yangzhou E.S. Toothbrush Co., Ltd, Environmental Toothbrush, Bamboo Toothbrush Bam&Boo
","North America, Europe, Asia Pacific, Central & South America, Middle East & Africa",use ,Distribution Channel ,Regional ,,,,"Adults, Kids","Offline, Online","North America, Europe, Asia Pacific, Central & South America, Middle East & Africa",,,,,,"The U.S., The U.K., Sweden, Netherlands, China, India, South Africa",,,
"Shoe Deodorizer Market Size, Share & Trends Analysis Report By Product (Spray, Powder, Insole), By Distribution Channel (Online, Offline), By Region, Competitive Landscape, And Segment Forecasts, 2019 - 2025",https://www.grandviewresearch.com/industry-analysis/shoe-deodorizer-market,USD 102.0 million ,,,,"North America, Europe, Asia Pacific, Central & South America, Middle East & Africa (MEA)",Product ,Distribution Channel ,Regional ,,,,"Spray, Powder, Insole, Others","Online, Offline","North America, Europe, Asia Pacific, Central & South America, Middle East & Africa (MEA)",,,,,,"The U.S., Germany, The U.K., China, India, Brazil, South Africa",,,
"Trail Running Shoes Market Size, Share & Trends Analysis Report By Type (Light, Rugged, Off Trail), By Distribution Channel (Online, Offline), By Region, And Segment Forecasts, 2019 - 2025",https://www.grandviewresearch.com/industry-analysis/trail-running-shoes-market,USD 5.97 billion ,"
USD 8.9 billion
",5.9%,"
VF Corporation, New Balance Athletics, Inc., Wolverine World Wide Inc., Brooks Sports, Inc., Adidas AG, Nike Inc., Skechers U.S.A, Inc., Asics Group, Deckers Outdoor Corporation, Amer Sports
",,Shoes Type ,Distribution Channel ,Shoes Regional ,,,,"Light Trail Running Shoes, Rugged Trail Running Shoes, Off Trail Running Shoes","Online, Offline","North America, Europe, Asia Pacific, Central & South America (CSA), Middle East & Africa (MEA)",,,,,,"The U.S., Germany, The U.K., France, China, Japan, Brazil",,,
"Riding Boots Market Size, Share & Trends Analysis Report By Product (Sport & Race Boots, Cruising & Touring Boots, Adventure & Dual Sport Boots), By Distribution Channel, By Region, And Segment Forecasts, 2019 - 2025",https://www.grandviewresearch.com/industry-analysis/riding-boots-market,USD 1.44 billion ,,6.1%,,"North America, Europe, Asia Pacific, Central & South America, Middle East & Africa",Product ,Distribution Channel ,Regional ,,,,"Sport & Race Boots, Cruising & Touring Boots, Adventure & Dual Sport Boots","Offline, Online","North America, Europe, Asia Pacific, Central & South America, Middle East & Africa",,,,,," The U.S., The U.K., Germany,  Italy, China,  India,  Brazil",,,
"Sleep Mask Market Size, Share & Trends Analysis Report By Product (Regular, Contoured, Wrap Around), By Distribution Channel, By Region (North America, Europe, APAC, CSA, MEA), And Segment Forecasts, 2019 - 2025",https://www.grandviewresearch.com/industry-analysis/sleep-mask-market,USD 14.0 million ,"
USD 18.6 million
",,"
Dream Essentials, LLC, Sleep Master, LC Industries, Inc., Alaska Bear, HappyLuxe, Sonoma Lavender Co., Earth Therapeutics, LumosTech, Inc., EcoTools, Bedtime Bliss, Nidra Goods, PrettyCare, Napiform
","North America, Europe, Asia Pacific, Central & South America, Middle East & Africa",Product ,Distribution Channel ,Regional ,,,,"Regular, Contoured, Wrap Around, Others","Offline, Online","North America, Europe, Asia Pacific, Central & South America, Middle East & Africa",,,,,,"The U.S., Germany, The U.K., China, Japan, Brazil, UAE",,,
"Sports Luggage Market Size, Share & Trends Analysis Report By Product (Golf, Ball Sports, Racket, Hockey, Cricket), By Distribution Channel (Online, Offline), By Region, And Segment Forecasts, 2019 - 2025",https://www.grandviewresearch.com/industry-analysis/sports-luggage-market,USD 1.94 billion ,"
USD 2.47 billion
",3.5%,"
Adidas AG, Amer Sports, Nike, Inc., PUMA SE, Under Armour, Inc., VF Corporation, Yonex Co., Ltd, Acushnet Holdings Corp, Bridgestone Corporation, Callaway Golf Company
","North America, Europe, Asia Pacific, Central & South America, Middle East & Africa",Product ,Distribution Channel ,Regional ,,,,"Golf, Ball Sports, Racket Sports, Hockey, Cricket, Others","Online, Offline","North America, Europe, Asia Pacific, Central & South America, Middle East & Africa",,,,,,"The U.S., The U.K., Germany, China, Japan, Brazil, Saudi Arabia",,,
"Resistance Bands Market Size, Share & Trends Analysis Report By Product (Therapy, Pull up, Exercise), By Application (Individual, Health & Sports Clubs), By Distribution Channel (Offline, Online), And Segment Forecasts, 2019 - 2025",https://www.grandviewresearch.com/industry-analysis/resistance-bands-market,USD 712.8 million ,,12.4%,,"North America, Europe, Asia Pacific, Central & South America, Middle East & Africa",Product ,Application ,Distribution Channel ,Regional ,,,"Therapy, Pull up, Exercise","Individual, Health & Sports Clubs","Offline, Online","North America, Europe, Asia Pacific, Central & South America, Middle East & Africa",,,,,,"The U.S., The U.K., Denmark, France, China, India, Brazil",,
"False Eyelashes Market Size, Share & Trends Analysis Report By Product (Strips, Cluster /Accent, Individual), By Constituent (Natural, Synthetic), By Distribution Channel, And Segment Forecasts, 2019 - 2025",https://www.grandviewresearch.com/industry-analysis/false-eyelashes-market,USD 1.1 billion ,,5.4%,,"North America, Europe, Asia Pacific, Central & South America, Middle East & Africa (MEA)",Product ,Constituent ,Distribution Channel ,Regional ,,,"Strips, Cluster/Accent, Individual, Others","Natural, Synthetic","Online, Convenience Stores, Hypermarkets & Supermarkets","North America, Europe, Asia Pacific, Central & South America, Middle East & Africa (MEA)",,,,,,"U.S., Germany, France, India, China, Brazil, South Africa",,
"Sailing Jackets Market Size, Share & Trends Analysis Report By Application (Men, Women, Kids), By Distribution Channel (Offline, Online), By Region, And Segment Forecasts, 2019 - 2025",https://www.grandviewresearch.com/industry-analysis/sailing-jackets-market,USD 119.2 million ,,6.7%,,,Application ,Distribution Channel ,Region ,,,,"Men, Women, Kids","Offline, Online","North America, Europe, Asia Pacific, Central & South America, Middle East & Africa",,,,,,"The U.S., France, U.K., China, Australia, Brazil, South Africa",,,
"Baby Apparel Market Size, Share & Trends Analysis Report By Product (Outerwear, Underwear), By Distribution Channel (Offline, Online), By Region, And Segment Forecasts, 2019 - 2025",https://www.grandviewresearch.com/industry-analysis/baby-apparel-market,USD 135.5 billion ,,,,"North America, Europe, Asia Pacific, Central & South America, Middle East & Africa",Product ,Distribution Channel ,Regional ,,,,"Outerwear, Underwear","Online, Offline","North America, Europe, Asia Pacific, Central & South America, Middle East & Africa",,,,,,"U.S., U.K., Germany, France, China, India, Brazil",,,
"Toddler Wear Market Size, Share & Trends Analysis Report By Product (Apparel, Footwear), By Distribution Channel (Online, Offline) By Region, And Segment Forecasts, 2019 - 2025",https://www.grandviewresearch.com/industry-analysis/toddler-wear-market,USD 185.68 billion ,,6.22%,,"North America, Europe, Asia Pacific, Central & South America, Middle East & Africa",Product ,Distribution Channel ,Regional ,,,,"Apparel, Footwear, Others","Online, Offline","North America, Europe, Asia Pacific, Central & South America, Middle East & Africa",,,,,,"The U.S., Germany, U.K., China, Brazil",,,
"Baselayer Compression Shirts Market Size, Share & Trends Analysis Report By End User (Male, Female), By Distribution Channel (Hypermarket & Supermarket, Specialty Stores, Online), By Region, And Segment Forecasts, 2019 - 2025",https://www.grandviewresearch.com/industry-analysis/baselayer-compression-shirts-market,USD 357.4 million ,,5.1%,,"North America, Europe, Asia Pacific, Central & South America, Middle East & Africa",User ,Distribution Channel ,Regional ,,,,"Male, Female","Hypermarket & Supermarket, Specialty Store, Online, Others","North America, Europe, Asia Pacific, Central & South America, Middle East & Africa",,,,,,"The U.S., The U.K., Germany, China, India, Brazil",,,
"Flip Flops Market Size, Share & Trends Analysis Report By End User (Female, Male), By Distribution Channel (Online, Offline), By Region (North America, APAC, Europe, MEA), And Segment Forecasts, 2019 - 2025",https://www.grandviewresearch.com/industry-analysis/flip-flops-market,USD 17.8 billion ,,4.2%,,"North America, Europe, Asia Pacific, Central & South America, Middle East & Africa",User ,Distribution Channel ,Regional ,,,,"Female, Male","Online, Offline","North America, Europe, Asia Pacific, Central & South America, Middle East & Africa",,,,,,"The U.S., Germany, U.K., China, Japan, Brazil, South Africa",,,
"Yoga Clothing Market Size, Share & Trends Analysis Report By Application (Men, Women, Children), By Distribution Channel (Offline, Online), By Region, And Segment Forecasts, 2019 - 2025",https://www.grandviewresearch.com/industry-analysis/yoga-clothing-market,USD 31.3 billion ,,,,"North America, Europe, Asia Pacific, Central & South America, Middle East & Africa",Application ,Distribution Channel ,Regional ,,,,"Men, Women, Children","Offline, Online","North America, Europe, Asia Pacific, Central & South America, Middle East & Africa",,,,,,"The U.S., The U.K., Germany, China, India, Brazil, South Africa",,,
"Smart Shoes Market Size, Share & Trends Analysis Report By End User (Male, Female), By Distribution Channel (Hypermarket/Supermarket, Specialty Stores, Online), By Region, And Segment Forecasts, 2019 - 2025",https://www.grandviewresearch.com/industry-analysis/smart-shoes-market,USD 151.6 million ,,20.2%,,"North America , Europe, Asia Pacific, Central & South America, Middle East & Africa",User ,Distribution Channel ,Regional ,,,,"Male, Female","Hypermarket/Supermarket, Specialty Stores, Online","North America , Europe, Asia Pacific, Central & South America, Middle East & Africa",,,,,,"The U.S., Germany, The U.K., China, India, Brazil",,,
"Anti-fatigue Mats Market Size, Share & Trends Analysis Report By Application (Industrial, Commercial, Residential), By Distribution Channel (Online, Offline), By Region, And Segment Forecasts, 2019 - 2025",https://www.grandviewresearch.com/industry-analysis/anti-fatigue-mats-market,USD 1.5 billion ,,,,"North America, Europe, Asia Pacific, Central & South America, Middle East & Africa",Application ,Distribution Channel ,Regional ,,,,"Industrial, Commercial, Residential","Online, Offline","North America, Europe, Asia Pacific, Central & South America, Middle East & Africa",,,,,," The U.S., The U.K.,  Germany, India,  China,  Brazil, South Africa",,,
"Stuffed Animal & Plush Toys Market Size, Share & Trends Analysis Report By Product (Stuffed Animals, Cartoon Toys, Action Figures), By Distribution Channel (Online, Offline), By Region, And Segment Forecasts, 2019 - 2025",https://www.grandviewresearch.com/industry-analysis/stuffed-animal-plush-toys-market,USD 7.98 billion ,,7.61%,,"North America, Europe, Asia Pacific, Middle East & Africa, Central & South America",Product ,Distribution Channel ,Regional ,,,,"Stuffed Animals, Cartoon Toys, Action Figures, Others","Online, Offline","North America, Europe, Asia Pacific, Middle East & Africa, Central & South America",,,,,,"The U.S., Germany, France, China, India, South Africa, Brazil",,,
"Neckwear Market Size, Share & Trends Analysis Report by Product (Neckties, Bowties), By Wearing Type (Self-tied and Pre-tied), By Region, And Segment Forecasts, 2019 - 2025",https://www.grandviewresearch.com/industry-analysis/neckwear-market,USD 3.7 billion ,,2.1%,,"North America, Europe, Asia Pacific, Central & South America, Middle East & Africa (MEA)",Product ,Wearing Type ,Regional ,,,,"Neckties, Bowties, Others","Self-tied, Pre-tied","North America, Europe, Asia Pacific, Central & South America, Middle East & Africa (MEA)",,,,,,"The U.S., Germany, U.K., China, India, Brazil, Nigeria",,,
"Cashmere Clothing Market Size, Share & Trends Analysis Report By Product (Sweaters & Sweatshirts, Pants & Trousers, Tees & Polo), By End User (Men, Women), By Region, And Segment Forecasts, 2019 - 2025",https://www.grandviewresearch.com/industry-analysis/cashmere-clothing-market,USD 2.66 billion ,,3.96%,,"North America, Europe, Asia Pacific, Central & South America, Middle East & Africa",Product ,User ,Regional ,,,,"Sweaters & Coats, Pants & Trousers, Tees & Polo, Others","Men, Women","North America, Europe, Asia Pacific, Central & South America, Middle East & Africa",,,,,,"The U.S., Germany, Italy, China, Japan, Brazil, South Africa",,,
"Hosiery Market Size, Share & Trends Analysis Report By Product (Sheer, Non-sheer), By Application (Women, Men), By Region (North America, Europe, APAC, CSA, MEA), And Segment Forecasts, 2019 - 2025",https://www.grandviewresearch.com/industry-analysis/hosiery-market,USD 33.6 billion ,"
USD 44.2 billion
",4.0%,"
Gilden Activewear Inc., Hanesbrands, Spanx, Inc., Golden Lady, Gatta Hosiery USA LLC, CSP INTERNATIONAL FASHION GROUP S.P.A., Adidas America Inc., Jockey, Carolina hosiery
","North America, Europe, Asia Pacific, Central & South America, Middle East & Africa",Product ,Application ,Regional ,,,,"Sheer, Non-sheer","Women, Men","North America, Europe, Asia Pacific, Central & South America, Middle East & Africa",,,,,,"The U.S., The U.K., Germany, China, India, Brazil",,,
"Fishing Rods Market Size, Share & Trends Analysis Report By Product (Spinning, Fly Fishing), By Raw Material, By Application, By Distribution Channel, By Region, And Segment Forecasts, 2019 - 2025",https://www.grandviewresearch.com/industry-analysis/fishing-rods-market,USD 909.4 million ,,,,"North America, Europe, Asia Pacific, Central & South America, Middle East & Africa",Product ,Raw Material ,Application ,Distribution Channel ,Regional ,,"Spinning Rods, Fly Fishing Rods, Casting Rods, Others","Bamboo, Fiberglass, Carbon Fiber, Others","Competitive Casting, Recreational, Commercial, Others","Online, Offline","North America, Europe, Asia Pacific, Central & South America, Middle East & Africa",,,,,,"The U.S., U.K., Germany, France, Japan, Australia, New Zealand",
"Spectacle Market Size, Share & Trends Analysis Report By Parts (Frames, Lens), By Distribution Channel (Offline, Online), By Region, And Segment Forecasts, 2019 - 2025",https://www.grandviewresearch.com/industry-analysis/spectacle-market,USD 78.93 billion ,,2.4%,,"North America, Europe, Asia Pacific, Central & South America, Middle East & Africa (MEA)",Parts ,Distribution Channel ,Regional ,,,,"Frames, Lens","Offline, Online","North America, Europe, Asia Pacific, Central & South America, Middle East & Africa (MEA)",,,,,,"The U.S., Germany, U.K., China, India, Brazil",,,
"School Bags Market Size, Share & Trends Analysis Report By Fabric (Canvas, Polyesters, Nylon, Leather), By Distribution Channel (Offline, Online), By Region, And Segment Forecasts, 2019 - 2025",https://www.grandviewresearch.com/industry-analysis/school-bags-market,USD 16.77 billion ,,5.6%,"
Nike, Puma, Delsey, Targus Inc., VIP Industries, Belmil, Herschel Supply Company
","North America, Europe, Asia Pacific, Central & South America, Middle East & Africa (MEA)",Fabric ,Distribution Channel ,Regional ,,,,"Canvas, Polyesters, Nylon, Leather, Others","Offline, Online","North America, Europe, Asia Pacific, Central & South America, Middle East & Africa (MEA)",,,,,,"The U.S., Germany, U.K., China, India, Brazil, Saudi Arabia",,,
"Mobile Phone Protective Cover Market Size, Share & Trends Analysis Report By Product (Body Glove, Pouch, Phone Skin, Hybrid Case), By Distribution Channel (Offline, Online), By Region, And Segment Forecasts, 2019 - 2025",https://www.grandviewresearch.com/industry-analysis/mobile-phone-protective-cover-market,USD 21.4 billion ,"
USD 35.5 billion
",7.5%,"
Otter Products LLC, Shenzhen Ipaky Electronic Co., Ltd, CG Mobile, Incipio, LLC, Griffin Technology, Amzer, Belkin International, Inc., XtremeGuard
","North America, Europe, Asia Pacific, Central & South America, Middle East & Africa",Product ,Distribution Channel ,Regional ,,,,"Body Glove, Pouch, Phone Skin, Hybrid Cases, Others","Offline, Online","North America, Europe, Asia Pacific, Central & South America, Middle East & Africa",,,,,,"The U.S., Germany, U.K., China, India, Brazil, Saudi Arabia",,,
"Mountain Bike Shoes Market Size, Share & Trends Analysis Report By End User (Male, Female), By Distribution Channel (Offline, Online), By Region, And Segment Forecasts, 2019 - 2025",https://www.grandviewresearch.com/industry-analysis/mountain-bike-shoes-market,USD 518.3 million ,,6.4%,,"North America, Europe, Asia Pacific, Central & South America, Middle East & Africa (MEA)",User ,Distribution Channel ,Regional ,,,,"Male, Female","Offline, Online","North America, Europe, Asia Pacific, Central & South America, Middle East & Africa (MEA)",,,,,,"The U.S., Germany, France, U.K., China, Japan, Brazil",,,
"Vape Cartridge Market Size, Share & Trends Analysis Report By Product (Plastic, Glass, Metal), By Distribution Channel (Online, Offline), By Region, And Segment Forecasts, 2019 - 2025",https://www.grandviewresearch.com/industry-analysis/vape-cartridge-market,USD 571.1 million ,,,,"North America, Europe, Asia Pacific, Central & South America, Middle East & Africa",Product ,Distribution Channel ,Regional ,,,,"Plastic, Glass, Metal","Online, Offline","North America, Europe, Asia Pacific, Central & South America, Middle East & Africa",,,,,,"The U.S., Canada, U.K., Germany, China, Japan, Brazil, South Africa",,,
"Portable Solar Charger Market Size, Share & Trends Analysis Report By Product (Small Portable, Foldable, Backpack), By Application (Individual, Defense), By Region, And Segment Forecasts, 2019 - 2025",https://www.grandviewresearch.com/industry-analysis/portable-solar-charger-market,USD 433.8 million ,,,,"North America, Europe, Asia Pacific, Central & South America, Middle East & Africa",Product ,Application ,Regional ,,,,"Small Portable, Foldable, Backpack","Individual, Defense","North America, Europe, Asia Pacific, Central & South America, Middle East & Africa",,,,,,"The U.S., Germany, U.K., France, China, India, Brazil",,,
"Camera Straps Market Size, Share & Trends Analysis Report By Application (Personal, Commercial), By Distribution Channel (Online, Offline), By Region, And Segment Forecasts, 2019 - 2025",https://www.grandviewresearch.com/industry-analysis/camera-straps-market,USD 254.9 million ,,,,"North America, Europe, Asia Pacific, Central & South America, Middle East & Africa",Application ,Distribution Channel ,Regional ,,,,"Personal, Commercial","Online, Offline","North America, Europe, Asia Pacific, Central & South America, Middle East & Africa",,,,,," The U.S., U.K.,  Germany, China,  India,  Brazil, South Africa",,,
"Airsoft Guns Market Size, Share & Trends Analysis Report By Product (Handgun, Rifle, Shotgun, Muzzle Loading), By Distribution Channel (Online, Offline), By Region, And Segment Forecasts, 2019 - 2025",https://www.grandviewresearch.com/industry-analysis/airsoft-guns-market,USD 1.5 billion ,"
USD 2.45 billion
",,"
VALKEN SPORTS, Colt's Manufacturing Company, ICS Airsoft, Inc., Crosman Corporation, Lancer Tactical, Kriss USA, G&G ARMAMENT TAIWAN LTD, Ballistic Breakthru Gunnery Corporation, A&K Airsoft, Tokyo Marui
","North America, Europe, Asia Pacific, Central & South America, Middle East & Africa",Product ,Distribution Channel ,Regional ,,,,"Handgun, Rifle, Shotgun, Muzzle Loading","Online, Offline","North America, Europe, Asia Pacific, Central & South America, Middle East & Africa",,,,,," The U.S., The U.K.,  Germany, Japan,  China,  Brazil, South Africa",,,
"Loafers Market Size, Share & Trends Analysis Report By Product (Leather, Fabric), By Distribution Channel (Specialty Stores, Online), By Region, And Segment Forecasts, 2019 - 2025",https://www.grandviewresearch.com/industry-analysis/loafers-market,USD 24.1 billion ,"
USD 31.37 billion
",,"
The Rockport Group, Wolf and Shepherd, Clark International, Lee Cooper, Hush Puppies, PUMA, WOODLAND, Relaxo Footwears Limited, BACCA BUCCI FASHIONS PVT. LTD., Allen Edmonds Corporation.
","North America, Europe, Asia Pacific, Central & South America, Middle East & Africa",Product ,Distribution Channel ,Regional ,,,,"Leather, Fabric, Others","Supermarkets & Hypermarkets, Specialty Stores, Online","North America, Europe, Asia Pacific, Central & South America, Middle East & Africa",,,,,," The U.S., U.K.,  Germany, China,  India,  Brazil, South Africa",,,
"Snow Sports Apparel Market Size, Share & Trends Analysis Report By Product (Top Apparel, Bottom Apparel, Accessories), By Application, By Distribution Channel, By Region, And Segment Forecasts, 2019 - 2025",https://www.grandviewresearch.com/industry-analysis/snow-sports-apparel-market,USD 2.4 billion ,,,,"North America, Europe, Asia Pacific, Central & South America, Middle East & Africa",Product ,Application ,Distribution Channel ,Regional ,,,"Top Apparel, Bottom Apparel, Accessories","Men, Women","Offline, Online","North America, Europe, Asia Pacific, Central & South America, Middle East & Africa",,,"Insulated Shell, Shell, Fleece, Soft Shell, Insulated Shell, Shell, Others, Handwear, Baselayer, Headwear",,,"The U.S., Germany, U.K., China, Australia, Brazil, South Africa",,
"Electric Guitars Market Size, Share & Trends Analysis Report By Product (Solid Body, Semi-hollow Body, Hollow Body), By Distribution Channel (Offline, Online), By Region, And Segment Forecasts, 2019 - 2025",https://www.grandviewresearch.com/industry-analysis/electric-guitars-market,USD 1.2 billion ,,,,"North America, Europe, Asia Pacific, Central & South America, Middle East & Africa",Product ,Distribution Channel ,Regional ,,,,"Solid-Body, Semi-hollow Body, Hollow Body","Offline, Online","North America, Europe, Asia Pacific, Central & South America, Middle East & Africa",,,,,,"The U.S., U.K., Germany, France, China, India, Brazil",,,
"Chalcedony Earrings Market Size, Share & Trends Analysis Report By Distribution Channel (Retail Store, Teleshopping, Online), By Region, And Segment Forecasts, 2019 - 2025",https://www.grandviewresearch.com/industry-analysis/chalcedony-earrings-market,USD 4.16 billion ,,10.5%,,"North America, Europe, Asia Pacific, Central & South America, Middle East & Africa",Distribution Channel ,Regional ,,,,,"Retail Store, Teleshopping, Online","North America, Europe, Asia Pacific, Central & South America, Middle East & Africa",,,,,,"The U.S., Germany, The U.K., China, India, Brazil",,,,
"Hydration Belt Market Size, Share & Trends Analysis Report By Product (With Bottle, Without Bottle), By Form, By Protective Medium, By Capacity, By Distribution Channel, By Region, And Segment Forecasts, 2019 - 2025",https://www.grandviewresearch.com/industry-analysis/hydration-belt-market,USD 25.2 million ,,,,"North America, Europe, Asia Pacific, Central & South America, Middle East & Africa (MEA)",Product ,Form ,Protective Medium ,Capacity ,Distribution Channel ,Regional ,"With Bottle, Without Bottle","Hard Bottle Hydration Belt, Soft Flask Hydration Belt","Insulating, Non-insulating","Single Bottle, Double Bottle, Multiple Bottle","Offline, Online","North America, Europe, Asia Pacific, Central & South America, Middle East & Africa (MEA)",,,,,,"The U.S., Germany, U.K., India, China, Brazil, South Africa"
"Oil Dispersible Color Market Size, Share & Trends Analysis Report By Product (Natural, Synthetic), By Application (Food & Beverages, Cosmetics, Pharmaceuticals), By Region, And Segment Forecasts, 2019 - 2025",https://www.grandviewresearch.com/industry-analysis/oil-dispersible-color-market,USD 812.2 million ,,5.8%,,"North America, Europe, Asia Pacific, Central & South America, Middle East & Africa",Product ,Application ,Regional ,,,,"Natural, Synthetic","Food & Beverages, Personal Care, Pharmaceuticals","North America, Europe, Asia Pacific, Central & South America, Middle East & Africa",,,,,,"The U.S., Germany, U.K., China, India, Brazil",,,
"Squash Rackets Market Size, Share & Trends Analysis Report By Distribution Channel (Brick & Mortar, Online), By Raw Material (Carbon Fiber, Aluminum), By Region (North America, APAC, Europe), And Segment Forecasts, 2019 - 2025",https://www.grandviewresearch.com/industry-analysis/squash-rackets-market,USD 185.2 million ,,3.6%,,"North America, Europe, Asia Pacific, Central & South America, Middle East & Africa",Raw Material ,Distribution Channel ,Regional ,,,,"Carbon Fiber, Aluminum, Others","Brick & Mortar, Online","North America, Europe, Asia Pacific, Central & South America, Middle East & Africa",,,,,,"The U.S., The U.K., Germany, France, China, India, Egypt",,,
"Laptop Backpack Market Size, Share & Trends Analysis Report By Application (Business, Students), By Distribution Channel (Hypermarkets & Supermarkets, Online), And Segment Forecasts, 2019 - 2025",https://www.grandviewresearch.com/industry-analysis/laptop-backpack-market,USD 1.0 billion ,,,,"North America, Europe, Asia Pacific, Central & South America, Middle East & Africa",Application ,Distribution Channel ,Regional ,,,,"Business, Students, Others","Hypermarkets & Supermarkets, Convenience Stores, Online","North America, Europe, Asia Pacific, Central & South America, Middle East & Africa",,,,,,"The U.S., Germany, The U.K., China, India, Brazil, Saudi Arabia",,,
"Kids Travel Bags Market Size, Share & Trends Analysis Report By Product Type (Trolley, Backpack), By Distribution Channel (Hypermarket/Supermarket, Online), And Segment Forecasts, 2019 - 2025",https://www.grandviewresearch.com/industry-analysis/kids-travel-bags-market,USD 185.5 million ,,,,"North America, Europe, Asia Pacific, Central & South America, Middle East & Africa",Product Type ,Distribution Channel ,Regional ,,,,"Trolley, Backpack, Others","Hypermarket/Supermarket, Specialty Stores, Online, Others","North America, Europe, Asia Pacific, Central & South America, Middle East & Africa",,,,,," The U.S., Germany,  The U.K., China, India,  Brazil",,,
"Denim Jeans Market Size, Share & Trends Analysis Report By End User (Children, Men, Women), By Sales Channel (Offline, Online), By Region (North America, APAC, Europe, MEA), And Segment Forecasts, 2019 - 2025",https://www.grandviewresearch.com/industry-analysis/denim-jeans-market,USD 64.62 billion ,,6.81%,"
Levi Strauss & Co., VF Corp., The Gap, Inc., H&M Hennes & Mauritz AB, Kering S.A., Pepe Jeans S.L., PVH Corp., Bestseller A/S, U.S. Polo Assn.
","North America, Europe, Asia Pacific, Central & South America, Middle East & Africa",Sales Channel ,User ,Regional ,,,,"Online, Offline","Men, Women, Children","North America, Europe, Asia Pacific, Central & South America, Middle East & Africa",,,,,,"The U.S., Germany, U.K., China, Japan, Brazil",,,
"Ski Equipment & Gear Market Size, Share & Trends Analysis Report By Product (Clothing, Head Gear, Footwear, Ski and Poles), By Application (Male, Female), By Distribution Channel, And Segment Forecasts, 2019 - 2025",https://www.grandviewresearch.com/industry-analysis/ski-equipment-gear-market,USD 1.4 billion ,"
USD 1.64 billion
",2.7%,"
Amer Sports Oyj, The Burton Corporation, Fischer Beteilgungsverwaltungs GmbH, Skis Rassignol S.A., Icelantic LLC, Helly Hansen, Coalition Snow
","North America, Europe, Asia Pacific, Central & South America, Middle East & Africa",Product ,Application ,Distribution Channel ,Regional ,,,"Clothing, Hear Gear, Ski and Poles, Footwear, Others","Male, Female, Kids","Supermarkets/Hypermarkets, Convenience Stores, Online","North America, Europe, Asia Pacific, Central & South America, Middle East & Africa",,,,,,"The U.S., Canada, Germany, U.K., Russia, India, Japan",,
"Footwear Market Size, Share & Trends Analysis Report By Type (Athletic, Non Athletic), By End User (Men, Women, Children), By Region (North America, MEA, APAC, Europe, Central & South America), And Segment Forecasts, 2019 - 2025",https://www.grandviewresearch.com/industry-analysis/footwear-market,USD 207.6 billion ,"
USD 269.9 billion
",3.8%,"
Nike, Inc., Adidas America, Inc., PUMA, Geox S.p.A., Timberland, Skechers USA, Inc., Ecco Sko A/S, Crocs Retail, Inc., Under Armour Inc., Wolverine World Wide, Inc
","North America, Europe, Asia Pacific, Central & South America, Middle East & Africa",Type ,End User ,Regional ,,,,"Athletic, Non athletic","Women, Men, Children","North America, Europe, Asia Pacific, Central & South America, Middle East & Africa",,,,,,"U.S., U.K., China, India, Brazil",,,
"Men’s Wear Market Size, Share & Trends Analysis Report By Product (Clothing, Accessories, Footwear), By Distribution Channel (Offline, Online) By Region, And Segment Forecasts, 2019 - 2025",https://www.grandviewresearch.com/industry-analysis/mens-wear-market,USD 483.0 billion ,,6.3%,,"North America, Europe, Asia Pacific, Central & South America, Middle East & Africa (MEA)",Product ,Distribution Channel ,Regional ,,,,"Clothing/Apparel, Accessories, Footwear","Offline, Online","North America, Europe, Asia Pacific, Central & South America, Middle East & Africa (MEA)",,,,,,"U.S., Germany, U.K., China, India, Japan, Brazil, UAE",,,
"Maternity Wear Market Size, Share & Trends Analysis Report By Product (Outerwear, Innerwear, Nightwear), By Distribution Channel (Store-based, Online), By Region, And Segment Forecasts, 2019 - 2025",https://www.grandviewresearch.com/industry-analysis/maternity-wear-market,USD 18.3 billion ,,4.3%,,"North America, Europe, Asia Pacific, Central & South America, Middle East & Africa",Product ,Distribution Channel ,Regional ,,,,"Outerwear, Innerwear, Nightwear","Store-based, Online","North America, Europe, Asia Pacific, Central & South America, Middle East & Africa",,,,,," The U.S., Ireland,  France, India,  China,  Argentina, Saudi Arabia",,,
"Laptop Carry Case Market Size, Share & Trends Analysis Report By Product (Backpack, Messenger Bags, Sleeves, Briefcase, Rollers), By Distribution Channel, By Region, And Segment Forecasts, 2019 - 2025",https://www.grandviewresearch.com/industry-analysis/laptop-carry-case-market,USD 1.86 billion ,"
USD 2.35 billion
",3.4%,"
Samsonite International, ACCO Brand, SwissGear, Targus Inc., AsusTeK Computer Inc., Fabrique Ltd., Thule Group AB, Sanwa Supply Inc., Lenovo, Case Logic
","North America, Europe, Asia Pacific, Central & South America, Middle East & Africa (MEA)",Product ,Distribution Channel ,Regional ,,,,"Backpack, Messenger Bags, Sleeves, Briefcase, Rollers","Offline, Online","North America, Europe, Asia Pacific, Central & South America, Middle East & Africa (MEA)",,,,,,"The U.S., Germany, U.K., China, India, Brazil, Saudi Arabia",,,
"Yoga Mat Market Size, Share & Trends Analysis Report By Material (Cotton/Jute, PVC, TPE, Rubber, PE), By Distribution Channel (Specialty Store, Online Channel), By Region, And Segment Forecasts, 2019 - 2025",https://www.grandviewresearch.com/industry-analysis/yoga-mat-market,USD 11.67 billion ,"
USD 17.3 billion
",5.8%,"
Lululemon, Manduka, Jade Yoga, prAna, Hugger Mugger, Khataland, Liforme Ltd., Dragonfly, Tomuno, Alo Yoga, Inc
",,Material ,Distribution Channel ,Region ,,,,"PVC, TPE, Rubber, PE, Cotton/Jute","Specialty Store, Departmental Store & Hypermarket, Online Channel","North America, Europe, Asia Pacific, Central & South America, Middle East & Africa",,,,,,"U.S., Germany, U.K., India, Australia, Brazil",,,
"Heated Jacket Market Size, Share & Trends Analysis Report By End User (Men, Women), By Power Rating (Upto 5 Volt, 5 to 7.4 Volt, 7.4 to 20 Volt), By Region, And Segment Forecasts, 2019 - 2025",https://www.grandviewresearch.com/industry-analysis/heated-jacket-market,USD 69.61 million ,,,,"North America, Europe, Asia Pacific, Central & South America, Middle East & Africa",User ,Power Rating ,Regional ,,,,"Men, Women","Upto 5 Volt, 5 to 7.4 Volt, 7.4 to 20 Volt","North America, Europe, Asia Pacific, Central & South America, Middle East & Africa",,,,,,"The U.S., U.K., Germany, Russia, India, China, Brazil",,,
"Motorcycle Helmet Market Size, Share & Trends Analysis Report By Product (Full Face, Half Face, Open Face), By Distribution Channel (Offline, Online), By Region, And Segment Forecasts, 2019 - 2025",https://www.grandviewresearch.com/industry-analysis/motorcycle-helmet-market,USD 3.2 billion ,,,,"North America, Europe, Asia Pacific, Central & South America, Middle East & Africa",Product ,Distribution Channel ,Regional ,,,,"Full Face, Half Face, Open Face","Offline, Online","North America, Europe, Asia Pacific, Central & South America, Middle East & Africa",,,,,,"The U.S., U.K., Germany, France, China, India, Brazil",,,
"Kids Footwear Market Size, Share & Trends Analysis Report By Product (Casual, Sports, Formal), By End User (Boys, Girls, Unisex), By Region, And Segment Forecasts, 2019 - 2025",https://www.grandviewresearch.com/industry-analysis/kids-footwear-market,USD 34.1 billion ,,8.2%,,"North America, Europe, Asia Pacific, Central & South America, Middle East & Africa",Product ,User ,Regional ,,,,"Casual, Sports, Formal, Others","Boys, Girls, Unisex","North America, Europe, Asia Pacific, Central & South America, Middle East & Africa",,,,,,"The U.S., Germany, U.K., China, India, Brazil, South Africa",,,
"Ball Sports Luggage Market Size, Share & Trends Analysis Report By Type (Basketball, Football, Table Tennis), By Region (North America, Europe, Central & South America, APAC, MEA), And Segment Forecasts, 2019 - 2025",https://www.grandviewresearch.com/industry-analysis/ball-sports-luggage-market,USD 1.93 billion ,,10.4%,,"North America, Europe, Asia Pacific, Central & South America, Middle East & Africa",Type ,Regional ,,,,,"Football, Basketball, Table Tennis, Others","North America, Europe, Asia Pacific, Central & South America, Middle East & Africa",,,,,,"The U.S., Germany, U.K., China, India, Brazil",,,,
"Hydration Backpack Market Size, Share & Trends Analysis Report By End User (Sports, Military), By Distribution Channel (Specialty Store, Departmental Store, Online Retail), By Region, And Segment Forecasts, 2019 - 2025",https://www.grandviewresearch.com/industry-analysis/hydration-backpack-market,USD 309.9 million ,,12.4%,,"North America, Europe, Asia Pacific, Central & South America, Middle East & Africa",User ,Distribution Channel ,Regional ,,,,"Sports, Military","Specialty Store, Departmental Store, Online Retail","North America, Europe, Asia Pacific, Central & South America, Middle East & Africa",,,,,,"The U.S., Germany, The U.K., Japan, Australia, Brazil",,,
"Decorated Apparel Market Size, Share & Trends Analysis Report By Product (Screen Printing, Embroidery, Dye Sublimation, Digital Printing), By End User (Men, Women, Children), By Region, And Segment Forecasts, 2019 - 2025",https://www.grandviewresearch.com/industry-analysis/decorated-apparel-market,USD 26.75 billion ,,10.91%,"
Gildan Activewear, Russel Brands, Downtown Custom Printwear, Master Printwear, Hanesbrands, Delta Apparel, Advance Printwear, Lynka Printwear, New England Printwear
","North America, Europe, Asia Pacific, Middle East & Africa, Central & South America",Product ,User ,Regional ,,,,"Embroidery, Screen Printing, Dye Sublimation, Digital Printing, Others","Men, Women, Children","North America, Europe, Asia Pacific, Middle East & Africa, Central & South America",,,,,,"The U.S., Germany, U.K., China, India, South Africa, Brazil",,,
"Camping Tent Market Size, Share & Trends Analysis Report By Product (Tunnel, Dome, Geodesic), By Application (Commercial, Individual), By Distribution Channel (Offline, Online), By Region, And Segment Forecasts, 2019 - 2025",https://www.grandviewresearch.com/industry-analysis/camping-tent-market,USD 2.14 billion ,"
USD 3.28 billion
",6.3%,"
Boffi, Scavolini S.p.a, Tupperware, Viners, Chasseur, Kenwood Limited, TTK Prestige Ltd., Miele, Whirlpool Corp., Kitchenaid
","North America, Europe, Asia Pacific, Central & South America, Middle East & Africa",Product ,Application ,Distribution Channel ,Regional ,,,"Tunnel, Dome, Geodesic","Commercial, Individual","Offline, Online","North America, Europe, Asia Pacific, Central & South America, Middle East & Africa",,,,,,"The U.S., The U.K., Germany, France, China, India, Brazil",,
"Self-Defense Products Market Size, Share & Trends Analysis Report By Product (Pepper Sprays, Folding Knives), By Distribution Channel, By Region, And Segment Forecasts, 2019 - 2025 ",https://www.grandviewresearch.com/industry-analysis/self-defense-products-market,USD 2.4 billion ,"
USD 3.64 billion
",5.9%,"
Victorinox, Unisafe Technologies, GERBER GEAR, SABRE Security Equipment Corporation, Mace Security International, Inc., Axon Entereprise Inc., Salt Supply Company, Self Defense Weapons
","North America, Europe, Asia Pacific, Central & South America, Middle East & Africa (MEA)",Product ,Distribution Channel ,Regional ,,,,"Pepper Sprays, Folding Knives, Tactical Gloves, Stun Guns, Others","Retail Outlets, Sporting Goods Stores, Online ","North America, Europe, Asia Pacific, Central & South America, Middle East & Africa (MEA)",,,,,," The U.S., Italy,  France, India,  China",,,
"Kids Bicycle Market Size, Share & Trends Analysis Report By Product (Battery Operated, Conventional), By Distribution Channel (Online Offline), By Region, And Segment Forecasts, 2019 - 2025",https://www.grandviewresearch.com/industry-analysis/kids-bicycle-market,USD 4.1 billion ,,,,"North America, Europe, Asia Pacific, Central & South America, Middle East & Africa (MEA)",Product ,Distribution Channel ,Regional ,,,,"Battery Operated, Conventional","Offline, Online","North America, Europe, Asia Pacific, Central & South America, Middle East & Africa (MEA)",,,,,,"The U.S., Germany, U.K., Netherlands, India, China, Japan",,,
"Writing Instruments Market Size, Share & Trends Analysis Report By Product (Pen, Coloring Instruments), By Distribution Channel, By Application, By Region, And Segment Forecasts, 2019 - 2025",https://www.grandviewresearch.com/industry-analysis/writing-instruments-market,USD 13.9 billion ,"
USD 22.9 billion
",,"
Faber-Castle, Mitsubishi Pencil Co., Ltd., Linc Pen and Plastics Private Limited, Flair Group of Companies, Newell Brands, Inc., Shanghai M&G Stationery Inc., Pentel Co. Ltd.
","North America, Europe, Asia Pacific, Central & South America, Middle East & Africa",Product ,Application ,Distribution Channel ,Regional ,,,"Pen, Pencil, Coloring Instruments, Others","Students, Working Professionals, Institutions","Stationaries, Hypermarket/Supermarket, Departmental Stores, Online","North America, Europe, Asia Pacific, Central & South America, Middle East & Africa",,,,,," The U.S., Germany,  U.K., China,  India,  Brazil, South Africa",,
"Men’s Swimwear Market Size, Share & Trends Analysis Report By Fabric (Polyester, Nylon, Spandex), By Distribution Channel (Offline, Online), By Region (North America, APAC, Europe, MEA), And Segment Forecasts, 2019 - 2025",https://www.grandviewresearch.com/industry-analysis/mens-swimwear-market,USD 4.07 billion ,,6.4%,,"North America, Europe, Asia Pacific, Central & South America, Middle East & Africa",Fabric ,Distribution Channel ,Regional ,,,,"Nylon, Polyester, Spandex, Others","Online, Offline","North America, Europe, Asia Pacific, Central & South America, Middle East & Africa",,,,,,"U.S., U.K., China, Brazil, South Africa",,,
"Workwear Market Size, Share & Trends Analysis Report By Product (Apparel, Footwear), By Demography (Men, Women), By Application, By Region, And Segment Forecasts, 2019 - 2025",https://www.grandviewresearch.com/industry-analysis/workwear-market,USD 28.3 billion ,"
USD 42.09 billion
",,"
Carhartt Inc., Alamark, Alsico NV, Alexandra, A. LAFONT SAS, ADITYA BIRLA GROUP, 3M, ANSELL Ltd., Honeywell International Inc., Kimberly-Clark Worldwide, Inc.
","North America, Europe, Asia Pacific, Central & South America, Middle East & Africa",Product ,Demography ,Application ,Regional ,,,"Apparel, Footwear","Men, Women","Chemical, Power, Food & Beverage, Biological, Others","North America, Europe, Asia Pacific, Central & South America, Middle East & Africa",,,,,,"The U.S., U.K., Germany, China, India, Brazil",,
"Luxury Watch Market Size, Share & Trends Analysis Report By Product (Mechanical, Electronic), By Distribution Channel (Online, Offline), By Region, And Segment Forecasts, 2019 - 2025",https://www.grandviewresearch.com/industry-analysis/luxury-watch-market,USD 6.9 billion ,"
USD 9.28 billion
",,"
Rolex SA, A. Lange & Söhne, Apple Inc., The Swatch Group Ltd, Bernard Watch Co., FOSSIL GROUP, INC., CITIZEN WATCH COMPANY OF AMERICA, INC., Seiko Watch Corporation
","North America, Europe, Asia Pacific, Central & South America, Middle East & Africa",Product ,Distribution Channel ,Regional ,,,,"Mechanical, Electronic","Online, Offline","North America, Europe, Asia Pacific, Central & South America, Middle East & Africa",,,,,,"U.S., U.K., China, Japan, Brazil, South Africa",,,
"Baby Car Seat Market Size, Share & Trends Analysis Report By Product (Infant, Booster, Combination, Convertible), By Distribution Channel (Hypermarkets & Supermarkets, Online), And Segment Forecasts, 2019 - 2025",https://www.grandviewresearch.com/industry-analysis/baby-car-seat-market,USD 7.0 billion ,"
USD 10.87 billion
",,"
Dorel Industries Inc., Goodbaby International Holdings, UPPAbaby, RENOLUX FRANCE INDUSTRY, RECARO Holding GmbH, Newell Brands, Mothercare plc, InfaSecure, Kiwi Baby, Artsana Group
","North America, Europe, Asia Pacific, Central & South America, Middle East & Africa",Product ,Distribution Channel ,Regional ,,,,"Infant, Booster, Combination, Convertible","Hypermarkets & Supermarkets, Specialty Stores, Online","North America, Europe, Asia Pacific, Central & South America, Middle East & Africa",,,,,,"The U.S., Germany, U.K., China, India, Brazil, South Africa",,,
"Athleisure Market Size, Share & Trends Analysis Report By Product (Mass, Premium), By Distribution Channel (Offline, Online), By Region (North America, Europe, APAC, CSA, MEA), And Segment Forecasts, 2019 - 2025",https://www.grandviewresearch.com/industry-analysis/athleisure-market,USD 300.0 billion ,"
USD 517.48 billion
",,"
Lululemon Athletica, Inc., Adidas AG, TPUMA SE, Nike, Inc., HUMAN PERFORMANCE ENGINEERING, Under Armour, Inc
","North America, Europe, Asia Pacific, Central & South America, Middle East & Africa",Product ,Distribution Channel ,Regional ,,,,"Mass, Premium","Offline, Online","North America, Europe, Asia Pacific, Central & South America, Middle East & Africa",,,,,," The U.S., The U.K., Germany,  France, China,  India,  Brazil",,,
"Men’s Underwear Market Size, Share & Trends Analysis Report By Type (Briefs, Boxer Brief, Trunks, Boxers), By Fabric (Cotton, Polyester, Modal, Nylon), By Region, And Segment Forecasts, 2019 - 2025",https://www.grandviewresearch.com/industry-analysis/mens-underwear-market,USD 29.41 billion ,"
USD 42.22 billion
",5.3%,"
Phillips-Van Heusen Corporation, Hanesbrands Inc., Jockey International Inc., Ralph Lauren Corporation, Perry Ellis International Inc., HUGO BOSS, Berkshire Hathaway Inc. (Fruit of the Loom).
","North America,  Europe, Asia Pacific, Central & South America, Middle East & Africa (MEA)",Type ,Fabric ,Regional ,,,,"Briefs, Boxer Brief, Trunks, Boxers, Others","Cotton, Polyester, Modal, Nylon, Others","North America,  Europe, Asia Pacific, Central & South America, Middle East & Africa (MEA)",,,,,," U.S., U.K.,  Germany, India, China,  Brazil, Saudi Arabia",,,
"Gym Bag Market Size, Share & Trends Analysis Report By Product (Duffle, Drawstring), By Distribution Channel (Online, Offline), By Region, Competitive Landscape, And Segment Forecasts, 2019 - 2025",https://www.grandviewresearch.com/industry-analysis/gym-bag-market,USD 1.0 billion ,"
USD 1.75 billion
",7.9%,"
JensenLee, Everlast Worldwide, Inc., Chateau Manufacturing, Harissons, Nike, Inc., ToteBagFactory, Herschel Supply Co. USA, Adidas AG
","North America, Europe, Asia Pacific, Central & South America, Middle East & Africa",Product ,Distribution Channel ,Regional ,,,,"Duffle, Drawstring, Others","Online, Offline","North America, Europe, Asia Pacific, Central & South America, Middle East & Africa",,,,,,"The U.S., Germany, The U.K., China, Japan, Brazil, South Africa",,,
"Socks Market Size, Share & Trends Analysis Report By Product (Casual, Athletic), By Application (Men, Women), By Distribution Channel, By Region, And Segment Forecasts, 2019 - 2025",https://www.grandviewresearch.com/industry-analysis/socks-market,USD 42.2 billion ,"
USD 63.51 billion
",,"
Nike Inc., Puma S.E., Adidas A.G., Asics Corporation, Renfro Corporation, THORLO, Inc., Hanesbrands Inc., Balega, Drymax Technologies Inc., Under Armour, Inc.
","North America, Europe, Asia Pacific, Central & South America, Middle East & Africa",Product ,Application ,Distribution Channel ,Regional ,,,"Casual, Formal, Athletic","Men, Women, Children","Hypermarket & Supermarket, Convenience Store, Online","North America, Europe, Asia Pacific, Central & South America, Middle East & Africa",,,,,," The U.S., Germany,  U.K., China,  India,  Brazil, South Africa",,
"Shapewear Market Size, Share & Trends Analysis Report By End User (Male, Female), By Distribution Channel (Hypermarket & Supermarket, Specialty Store, Online), By Region, And Segment Forecasts, 2019 - 2025",https://www.grandviewresearch.com/industry-analysis/shapewear-market,USD 2.26 billion ,,7.7%,"
Nike, Inc., Spanx, Inc., Adidas AG, Triumph International Corp., Leonisa SA, Wacoal America, Inc., Ann Chery, 2XU Pty. Ltd., Under Armour, Inc., Skins International Trading AG
","North America, Europe, Asia Pacific, Central & South America, Middle East & Africa (MEA)",User ,Distribution Channel ,Regional ,,,,"Male, Female","Hypermarket & Supermarket, Specialty Store, Online, Others","North America, Europe, Asia Pacific, Central & South America, Middle East & Africa (MEA)",,,,,,"The U.S., Germany, U.K., China, India, Brazil",,,
"Blanket Market Size, Share & Trends Analysis Report By Product (Cotton, Polyester), By Application (Household, Commercial), By Distribution Channel, By Region, And Segment Forecasts, 2019 - 2025",https://www.grandviewresearch.com/industry-analysis/blanket-market,USD 17.0 billion ,"
USD 23.26 billion
",,"
American Blanket Company, Amritsar Swadeshi Textile Corporation Pvt. Ltd., Chellco Industries Limited, JPrakash Woollen & Synthetic Mills Limited, Qbedding.com, Youngman Woollen Mills Private Limited
","North America, Europe, Asia Pacific, Central & South America, Middle East & Africa (MEA)",Product ,Application ,Distribution Channel ,Regional ,,,"Mink, Fleece, Cotton, Polyester, Others","Household, Commercial","Hypermarkets & Supermarkets, Convenience Stores, Online","North America, Europe, Asia Pacific, Central & South America, Middle East & Africa (MEA)",,,,,," The U.S., Germany, The U.K., France, India, China, Japan",,
"Winter Wear Market Size, Share & Trends Analysis Report By Product (Coats & Jackets, Sweaters & Cardigans), By End Use (Men, Women), By Region, And Segment Forecasts, 2019 - 2025",https://www.grandviewresearch.com/industry-analysis/winter-wear-market,USD 268.3 billion ,"
USD 359.78 billion
",4.3%,"
Gap Inc., VF Corporation, Columbia Sportswear Company, The North Face, Inc., Patagonia, Inc., Zara SA, Arc'teryx Equipment, Inc., Recreational Equipment, Inc., American multinational corporation Gap Inc., Crew Group, Inc.
","North America, Europe, Asia Pacific, Central & South America, Middle East & Africa",Product ,User ,Regional ,,,,"Coats & Jackets, Sweaters & Cardigans, Shawls & Scarves, Others","Men, Women, Children","North America, Europe, Asia Pacific, Central & South America, Middle East & Africa",,,,,,"The U.S., Germany, U.K., China, Japan, Brazil, South Africa",,,
"Luxury Apparel Market Size, Share & Trends Analysis Report By End-user (Men, Women), By Distribution Channel (Offline Retail, Online Retail), By Region, And Segment Forecasts, 2019 - 2025",https://www.grandviewresearch.com/industry-analysis/luxury-apparel-market,USD 67.85 billion ,"
USD 84.05 billion
",3.5%,"
Giorgio Armani, Burberry, Dolce & Gabbana, Prada, Kate Spade, Phillip Lim, PVH Corp. (Calvin Klein).
","North America, Europe, Asia Pacific, Central & South America, Middle East & Africa",User ,Distribution Channel ,Regional ,,,,"Men, Women","Offline Retail, Online Retail","North America, Europe, Asia Pacific, Central & South America, Middle East & Africa",,,,,," The U.S., The U.K., Germany,  France, Japan,  China, Turkey",,,
"Leather Footwear Market Size, Share & Trends Analysis Report By End User (Male, Female, Kids), By Distribution Channel (Online, Offline), By Region, And Segment Forecasts, 2019 - 2025",https://www.grandviewresearch.com/industry-analysis/leather-footwear-market,USD 166.53 billion ,"
USD 202.30 billion
",2.8%,"
Prada Holding B.V., LVMH, Allen Edmonds, Kering S.A., Bruno Magli, Cole Haan, Genesco Inc., Hermès International S.A., Salvatore Ferragamo S.p.A., Crockett & Jones
","North America, Europe, Asia Pacific, Central & South America, Middle East & Africa (MEA)",User ,Distribution Channel ,Regional ,,,,"Male, Female, Kids","Online, Offline","North America, Europe, Asia Pacific, Central & South America, Middle East & Africa (MEA)",,,,,,"The U.S., Germany, The U.K., China, Japan, Brazil, Nigeria",,,
"Luxury Leather Goods Market Size, Share & Trends Analysis Report By Product (Footwear, Bags), By Distribution Channel (Offline Retail, Online Retail), And Segment Forecasts, 2019 - 2025",https://www.grandviewresearch.com/industry-analysis/luxury-leather-goods-market,USD 48.0 billion ,,,,"North America, Europe, Asia Pacific, Central & South America, Middle East & Africa",Product ,Distribution Channel ,Regional ,,,,"Footwear, Bags, Accessories, Others","Offline Retail, Online Retail","North America, Europe, Asia Pacific, Central & South America, Middle East & Africa",,,,,,"The U.S., U.K., Germany, China, Japan, Colombia, Turkey",,,
"Manual Toothbrush Market Size, Share & Trends Analysis Report By Product Type (Medium Soft, Ultra Soft, Hard), By Application (Adults, Children), By Region, And Segment Forecasts, 2019 - 2026",https://www.grandviewresearch.com/industry-analysis/manual-toothbrush-market,USD 4.4 billion ,"
USD 7.54 billion
",6.9%,"
P & G, Colgate, Curaprox, Unilever, Boie USA, Sensodyne (GSK), Dr. Collins, Sunstar, Nimbus, Dr. Fresh, Lion, Darlie, Saky
",,Type ,Application ,Region ,,,,"Ultra Soft, Medium Soft, Hard","Adults, Children","North America, Europe, Asia Pacific, Latin America, Middle East & Africa",,,,,,"The U.S., Canada, Germany, U.K., France, Italy, Spain, Japan, China, India, Singapore, Australia, Brazil, Mexico, Argentina, South Africa, Saudi Arabia, UAE",,,
"Stationery Products Market Size, Share & Trends Analysis Report By Product (Paper Based, Ink Based), By Application (Educational Institutes, Corporates), By Region, And Segment Forecasts, 2019 - 2025",https://www.grandviewresearch.com/industry-analysis/stationery-products-market,USD 90.6 billion ,,5.1%,,"North America, Europe, Asia Pacific, CSA, MEA",Product ,Application ,Regional ,,,,"Paper Based, Ink Based, Art Based, Others","Educational Institutes, Corporates, Others","North America, Europe, Asia Pacific, CSA, MEA",,,,,,"The U.S., Germany, U.K., China, India, Brazil, South Africa",,,
"Baseball Equipment Market Size, Share & Trends Analysis Report By Product (Bat, Helmet), By Distribution Channel (Supermarkets/Hypermarkets, Convenience Stores), And Segment Forecasts, 2019 - 2025",https://www.grandviewresearch.com/industry-analysis/baseball-equipment-market,USD 15.3 billion ,"
USD 19.22 billion
",,"
Nike, Adidas, Newell Brands Inc., Amer Sports, Mizuno Corporation, Zett Corporation, Under Armour Inc., Schutt Sports Inc., Phoenix Bat Company, YONEX Co. Ltd.
","North America, Europe, Asia Pacific, Central & South America, Middle East & Africa",Product ,Distribution Channel ,Regional ,,,,"Bat, Helmet, Gloves, Equipment Bag, Accessories","Supermarkets/Hypermarkets, Convenience Stores, Online","North America, Europe, Asia Pacific, Central & South America, Middle East & Africa",,,,,,"U.S., Canada, Mexico, Germany, U.K., Japan, Brazil, South Africa",,,
"Women Wear Market Size, Share & Trends Analysis Report By Type (Top Wear, Bottom Wear, Sports & Active Wear, Intimates & Sleepwear, Footwear, Accessories), By Distribution Channel, And Segment Forecasts, 2019 - 2025",https://www.grandviewresearch.com/industry-analysis/women-wear-market,,"
USD 1913.9 million
",4.7%,"
Giorgio Armani S.p.A., MANOLO BAHNIK, DIOR, LOUIS VUITTON, Burberry, DOLCE & GABBANA S.R.L, PRADA, Guccio Gucci S.p.A., Chanel, Gianni Versace S.r.l.
","North America, Europe, Asia Pacific, Central & South America, Middle East & Africa (MEA)",Type ,Distribution Channel ,Regional ,,,,"Top Wear, Bottom Wear, Sports & Active Wear, Intimates & Sleepwear, Footwear, Accessories, Others","Offline, Online","North America, Europe, Asia Pacific, Central & South America, Middle East & Africa (MEA)",,,,,," The U.S., Germany,  The U.K., China,  India,  Brazil, South Africa",,,
"Foot Orthotic Insoles Market Size, Share & Trends Analysis Report By Product (Polyethylene Foams, EVAs), By Application (Medical, Sports & Athletics), By Distribution Channel (Hospitals & Specialty Clinics), And Segment Forecasts, 2019 - 2026",https://www.grandviewresearch.com/industry-analysis/foot-orthotic-insoles-market,USD 3.4 billion ,,6.3%,,"North America , Europe , Asia Pacific , Latin America , Middle East & Africa ",Product ,Application ,Distribution Channel ,Regional ,,,"Thermoplastics, Polyethylene foams, Leather, Cork, Composite carbon fibers, Ethyl-vinyl acetates (EVAs), Gel, Others","Sports & Athletics, Medical, Personal Comfort","Drug Stores, Hospitals & Specialty Clinics, Online Stores, Others (retail shops, foot store)","North America , Europe , Asia Pacific , Latin America , Middle East & Africa ",,,,,,"The U.S., Canada, The U.K., Germany, France, Italy, Spain, Japan, China, India, Korea, Brazil, Mexico, South Africa",,
"Skateboard Market Size, Share & Trends Analysis Report By Product (Street Board, Long Board), By End User (Kids, Teenagers, Adults), By Region, And Segment Forecasts, 2019 - 2025",https://www.grandviewresearch.com/industry-analysis/skateboard-market,USD 1.9 billion ,"
USD 2.38 billion
",,"
Element Skateboards, Krown Skateboards, SK8FACTORY, Skate One, Absolute Board Co., ALIEN WORKSHOP, Zero Skateboards, CONTROL SKATEBOARDS INC., Razor USA LLC
","North America, Europe, Asia Pacific, Central & South America, Middle East & Africa (MEA)",Product ,User ,Regional ,,,,"Street Board, Cruiser Board, Long Board, Others","Kids, Teenagers, Adults","North America, Europe, Asia Pacific, Central & South America, Middle East & Africa (MEA)",,,,,,"The U.S., Germany, The U.K., China, Japan, Brazil, UAE",,,
"Wedding Wear Market Size, Share & Trends Analysis Report By Product (Gowns, Suit/Tuxedo, Traditional Wear), By Gender (Female, Male), By Region, And Segment Forecasts, 2019 - 2025",https://www.grandviewresearch.com/industry-analysis/wedding-wear-market,USD 58.4 billion ,"
USD 87.86 billion
",,"
Septwolves, Emporio Armani, Gucci, Mohey-Manyavar, Kleinfield, Versace, Yumi Katsura, Pronovias
","North America, Europe, Asia Pacific, Central & South America, Middle East & Africa",Product ,Gender ,Regional ,,,,"Gown, Suit/Tuxedo, Traditional Wear","Female, Male","North America, Europe, Asia Pacific, Central & South America, Middle East & Africa",,,,,,"The U.S., Germany, Italy, China, India",,,
"Motorbike Riding Gear Market Size, Share & Trends Analysis Report By Product (Protective Gear, Clothing), By Distribution Channel (Online, Offline), And Segment Forecasts, 2019 - 2025",https://www.grandviewresearch.com/industry-analysis/motorbike-riding-gear-market,USD 11.2 billion ,"
USD 17.2 billion
",,"
Alpinestars S.p.A., LeMans Corporation, FLY Racing, Dainese S.p.A, Arai Helmet, FOX, Schuberth GmbH, SHOEI CO. LTD., SULLIVAN'S INC., RYNOX GEARS
",, Product ,Distribution Channel ,,,,,"Protective Gear, Clothing, Footwear","Offline, Online",,,,,,,,,,
"Ice Hockey Equipment Market Size, Share & Trends Analysis Report By Product Type (Protective Wear, Sticks), By Distribution Channel (Online, Offline), By Region, And Segment Forecasts, 2019 - 2025",https://www.grandviewresearch.com/industry-analysis/ice-hockey-equipment-market,USD 847.4 million ,,,,"North America, Europe, CIS, Rest of the World",Product Type ,Distribution Channel ,Regional ,,,,"Protective Wear, Sticks, Skates, Other","Online, Offline","North America, Europe, CIS, Rest of the World",,,,,,"U.S., Canada, Mexico, Czech Republic, Finland, Russia, Japan",,,
"Costume Jewelry Market Size, Share & Trends Analysis Report By Type (Ring, Earring), By End User (Men, Women), By Distribution Channel (Online Stores, Offline Stores), And Segment Forecasts, 2019 - 2025",https://www.grandviewresearch.com/industry-analysis/costume-jewelry-market,USD 25.2 billion ,"
USD 39.20 billion
",6.5%,"
Louis Vuitton, Cartier, Sabika, Silgan Azuli Skye, Premier Designs, Yanbal, Park Lane, Silpada, Stella & Dot, Lulu Avenue
","North America, Europe, Asia Pacific, Middle East & Africa, Central & South America",Distribution Channel ,Type ,User ,Regional ,,,"Online Stores, Offline Stores","Necklace/Chain, Ring, Bracelet, Earrings, Others","Men, Women","North America, Europe, Asia Pacific, Middle East & Africa, Central & South America",,,,,,"The U.S., Germany, Italy, China, India, UAE, Brazil",,
"Musical Instruments Market Size, Share & Trends Analysis Report By Instrument Type (Stringed & Percussion, Digital Musical, Wind), By Region, And Segment Forecasts, 2019 - 2025",https://www.grandviewresearch.com/industry-analysis/musical-instruments-market,USD 7.5 billion ,,,,"North America, Europe, Asia Pacific, Central & South America, Middle East & Africa",Instrument Type ,Regional ,,,,,"Stringed & Percussion, Digital Musical, Wind","North America, Europe, Asia Pacific, Central & South America, Middle East & Africa",,,,,,"The U.S., Germany, France, China, Japan, India, Brazil",,,,
"Luxury Travel Market Size, Share & Trends Analysis Report By Age Group (Millennial, Baby Boomers), By Tour (Safari & Adventure, Culinary Travel & Shopping), By Region, And Segment Forecasts, 2019 - 2025",https://www.grandviewresearch.com/industry-analysis/luxury-travel-market,USD 1.8 trillion ,"
USD 2,506.12 billion
",4.6%,"
TÜ Elite, TCS World Travel, Abercrombie & Kent USA, TUI Group, Micato Safaris, Butterfield & Robinson Inc., Scott Dunn Ltd., Cox & Kings Ltd., Exodus travels, Lindblad Expeditions.
","North America, Europe, Asia Pacific, Central & South America, Middle East & Africa",Tour ,Age Group ,Regional ,,,,"Customized & Private Vacations, Safari & Adventure, Cruises, Yachting & Small Ship Expeditions, Celebration Journeys, Culinary Travel & Shopping, Others","Millennial, Generation X, Baby Boomers, Silver Hair","North America, Europe, Asia Pacific, Central & South America, Middle East & Africa",,,,,,"The U.S., U.K., Germany, China, India, Brazil, South Africa",,,
"Shoe Care Market Size, Share & Trends Analysis Report By Product (Polish, Cleaning), By Application (Formal, Casual), By Distribution Channel, By Region, And Segment Forecasts, 2019 - 2025",https://www.grandviewresearch.com/industry-analysis/shoe-care-market,USD 4.6 billion ,"
USD 6.0 billion
",,"
S. C. Johnson & Son, Inc., Caleres Inc., Payless ShoeSource Inc., Shinola, Charles Clinkard, Salamander, Implus LLC, Grangers International, Angelus Shoe Polish, Griffin Shoe Care
","North America, Europe, Asia Pacific, Central & South America, Middle East & Africa",Product ,Application ,Distribution Channel ,Regional ,,,"Polish, Cleaning, Accessories","Formal, Casual, Sports, Others","Online, Offline","North America, Europe, Asia Pacific, Central & South America, Middle East & Africa",,,,,,"The U.S., Germany, U.K., China, India, Brazil, South Africa",,
"Tennis Racquet Market Size, Share & Trends Analysis Report By Raw Material (Carbon Fiber, Aluminum), By Application (Core Player, Amateur), By Distribution Channel, By Region, And Segment Forecasts, 2019 - 2025",https://www.grandviewresearch.com/industry-analysis/tennis-racquet-market,USD 351.8 million ,,,,"North America, Europe, Asia Pacific, Central & South America, Middle East & Africa",Raw Material ,Application ,Distribution Channel ,Regional ,,,"Carbon Fiber, Aluminum, Others","Core Player, Amateur","Online, Offline","North America, Europe, Asia Pacific, Central & South America, Middle East & Africa",,,,,,"The U.S., Germany, France,  China, India, Brazil, South Africa",,
"Watches Market Size, Share & Trends Analysis Report By Product (Smart, Fitness), By Distribution Channel (Hypermarket/Supermarket, Online), By Operation, And Segment Forecasts, 2019 - 2025",https://www.grandviewresearch.com/industry-analysis/watches-market,USD 50.1 billion ,,,,"North America, Europe, Asia Pacific, Central & South America, Middle East & Africa",Product ,Distribution Channel ,Operation ,Regional ,,,"Smart, Fitness, Luxury","Hyper/Super market, Convenience Stores, Online","Quartz, Mechanical","North America, Europe, Asia Pacific, Central & South America, Middle East & Africa",,,,,,"U.S., Germany, U.K., China, India, Brazil, South Africa",,
"Baby Carrier Market Size, Share & Trends Analysis Report By Product (Buckle, Sling), By Distribution Channel (Supermarkets/Hypermarkets, Online), By Region, And Segment Forecasts, 2019 - 2025",https://www.grandviewresearch.com/industry-analysis/baby-carrier-market,USD 17.0 billion ,,,,"North America, Europe, Asia Pacific, Central & South America, Middle East & Africa",Product ,Distribution Channel ,Regional ,,,,"Buckle, Backpack, Sling, Others","Supermarkets/Hypermarkets, Convenience store, Online","North America, Europe, Asia Pacific, Central & South America, Middle East & Africa",,,,,,"U.S., Germany, U.K., India, China, Japan, Brazil, South Africa",,,
"Handbag Market Size, Share & Trends Analysis Report By Product (Tote Bag, Clutch, Satchel), By Raw Material (Leather, Fabric), By Distribution Channel (Offline, Online), By Region, And Segment Forecasts, 2019 - 2025",https://www.grandviewresearch.com/industry-analysis/handbag-market,USD 47.0 billion ,"
USD 67.85 billion
",,"
Tapestry, Inc., LVMH Moët Hennessy - Louis Vuitton SE, Michael Kors, Compagnie Financière Richemont SA, Gucci, Burberry Group PLC, Ted Baker plc
","North America, Europe, Asia Pacific, Central & South America, Middle East & Africa",Product ,Raw Material ,Distribution Channel ,Regional ,,,"Tote Bag, Clutch, Satchel, Others","Leather, Fabric, Others","Online, Offline","North America, Europe, Asia Pacific, Central & South America, Middle East & Africa",,,,,,"U.S., Germany, U.K., China, India, Brazil, South Africa",,
"Lingerie Market Size, Share & Trends Analysis Report By Type (Brassiere, Knickers), By Distribution Channel (Multi Brands Stores, Online), By Region, And Segment Forecasts, 2019 - 2025",https://www.grandviewresearch.com/industry-analysis/lingerie-market,USD 29.9 billion ,,7.5%,,"North America, Europe, Asia Pacific, Central & South America, Middle East & Africa",Type ,Distribution Channel ,Regional ,,,,"Brassiere, Knickers, Shape Wear, Others","Specialty Stores, Multi Brands Stores, Online","North America, Europe, Asia Pacific, Central & South America, Middle East & Africa",,,,,," The U.S., Germany,  The U.K., China,  India,  Brazil, UAE",,,
"Sportswear Market Size, Share & Trends Analysis Report By Product (Shoes, Clothes), By End User (Men, Women, Kids), By Distribution Channel (Online, Retail), By Region, And Segment Forecasts, 2019 - 2025",https://www.grandviewresearch.com/industry-analysis/sportswear-market,USD 239.78 billion ,"
USD 479.63 billion
",10.4%,"
Nike, Inc., Adidas AG, LI-NING Company Ltd, Umbro Ltd., Puma SE, Inc., Fila, Inc., Lululemon Athletica Inc., Under Armour, Columbia Sportswear Company, Anta Sports Products Ltd., Inc.
","North America, Europe, Asia Pacific, Central & South America, Middle East & Africa",Product ,Distribution Channel ,User ,Regional ,,,"Shoes, Clothes","Online, Retail","Men, Women, Kids","North America, Europe, Asia Pacific, Central & South America, Middle East & Africa",,,,,,"The U.S., Germany, The U.K., China, India",,
"Biodegradable Cutlery Market Size, Share & Trends Analysis Report By Raw Material (Wood, Husk, Paper, Plastic), By Region (North America, Europe, APAC, CSA, MEA), And Segment Forecasts, 2019 - 2025",https://www.grandviewresearch.com/industry-analysis/biodegradable-cutlery-market,USD 33.9 million ,,,,"North America, Europe, Asia Pacific, Central & South America, Middle East & Africa",Raw Material ,Regional ,,,,,"Wood, Husk, Paper, Plastic, Others","North America, Europe, Asia Pacific, Central & South America, Middle East & Africa",,,,,,"U.S., U.K., Germany, China, Japan, India, Brazil",,,,
"Sports Shoes Market Size, Share & Trends Analysis Report By Gender (Men, Women, Kids), By Retail Channel (Online, Offline), By Region, And Segment Forecasts, 2019 - 2025",https://www.grandviewresearch.com/industry-analysis/sports-shoes-market,USD 19.0 billion ,,,,"North America, Europe, Asia Pacific, Central & South America, Middle East & Africa",Gender ,Retail Channel ,Regional ,,,,"Men, Women, Kids","Offline, Online","North America, Europe, Asia Pacific, Central & South America, Middle East & Africa",,,,,," The U.S.,  Germany,  China,  Brazil, South Africa",,,
"Jewelry Market Size, Share & Trends Analysis Report By Product (Necklace, Earrings, Ring, Bracelet), By Material Type (Gold, Platinum, Diamond), By Region, And Segment Forecasts, 2019 - 2025",https://www.grandviewresearch.com/industry-analysis/jewelry-market,USD 278.5 billion ,"
USD 480.5 billion
",,"
Tiffany & Co., Pandora, Signet Jewellers, H. Stern, Chow Tai Fook, Swarovski, Cartier, Buccellati
","North America, Europe, Asia Pacific, Central & South America, Middle East & Africa",Product ,Material Type ,Regional ,,,,"Necklace, Ring, Earrings, Bracelet, Others","Gold, Platinum, Diamond, Others","North America, Europe, Asia Pacific, Central & South America, Middle East & Africa",,,,,,"The U.S., Germany, France, China, India, Brazil, Saudi Arabia",,,
"Sports Eyewear Market Size, Share & Trends Analysis Report By Product (Ski Sports, Outdoor Sporting & Traveling, Water Sports), By Distribution Channel (Offline, Online), By Region, And Segment Forecasts, 2019 - 2025",https://www.grandviewresearch.com/industry-analysis/sports-eyewear-market,USD 8.43 billion ,"
USD 11.41 billion
",4.4%,"
Luxottica Group SpA, Nike, Inc., Adidas AG, Xenith, LLC, Carl Zeiss AG, Marchon Eyewear, Inc., MYKITA GmbH, Under Armour, Inc., Zoggs International Ltd., Aqua Lung International, Speedo International
","North America, Europe, Asia Pacific, Central & South America, Middle East & Africa",Application ,Distribution Channel ,Regional ,,,,"Outdoor Sporting & Traveling, Water Sports, Ski Sports, Others","Offline, Online","North America, Europe, Asia Pacific, Central & South America, Middle East & Africa",,,,,," The U.S.,  U.K., China, Australia,  India,  Brazil",,,
"Sports Protective Equipment Market Size, Share & Trends Analysis Report By Product (Head & Headgear, Leg Protection), By Distribution Channel (Online, Offline), By Region, And Segment Forecasts, 2019 - 2025",https://www.grandviewresearch.com/industry-analysis/sports-protective-equipment-market,USD 9.0 billion ,,,,"North America,  Europe, Asia Pacific, Central & South America, Middle East & Africa",Product ,Distribution Channel ,Regional ,,,,"Head & Headgear, Eyewear, Chest Protection, Hand Protection, Leg Protection, Others","Offline, Online","North America,  Europe, Asia Pacific, Central & South America, Middle East & Africa",,,,,," The U.S., Germany, U.K., China, India",,,
"Sunglasses Market Size, Share & Trends Analysis Report By Product (Polarized, Non-polarized), By Distribution Channel (Online, Offline), By Region, And Segment Forecasts, 2019 - 2025",https://www.grandviewresearch.com/industry-analysis/sunglasses-market,USD 14.5 billion ,,,,,Product ,Distribution Channel ,,,,,"Polarized, Non-polarized","Online, Offline",,,,,,,,,,
"Swimwear Market Size, Share & Trends Analysis Report By Fabric Type (Polyester, Nylon, Spandex), By End User (Men, Women, Boys, Girls), By Region, And Segment Forecasts, 2019 - 2025",https://www.grandviewresearch.com/industry-analysis/swimwear-market,USD 18.9 billion ,,,,"North America, Europe, Asia Pacific, Central & South America, Middle East & Africa",Fabric Type ,User ,Regional ,,,,"Nylon, Polyester, Spandex, Others","Men, Women, Boys, Girls","North America, Europe, Asia Pacific, Central & South America, Middle East & Africa",,,,,,"The U.S., The U.K., China, Brazil, South Africa",,,
"Safety Eyewear Market Size, Share & Trends Analysis Report By Application (Military, Construction, Industrial Manufacturing, Oil & Gas), By Product Type (Prescription, Non-prescription), And Segment Forecasts, 2019 - 2025",https://www.grandviewresearch.com/industry-analysis/safety-eyewear-market,USD 2.3 billion ,"
USD 3.04 billion
",,"
Kimberley-Clark, MCR Safety, Honeywell Safety Products, Uvex, Medop, The 3M Company, Bolle Safety
",,,,,,,,,,,,,,,,,,,
"Luxury Jewelry Market Size, Share & Trends Analysis Report By Application (Female, Male), By Material (Diamond, Gold, Platinum), By Product (Necklace, Ring, Earring), By Distribution Channel, And Segment Forecasts, 2019 - 2025",https://www.grandviewresearch.com/industry-analysis/luxury-jewelry-market,USD 39.33 billion ,"
USD 65.48 billion
",7.6%,"
Societe Cartier, Guccio Gucci S.p.A., Harry Winston, Inc., Tiffany & Co., Buccellati Holding SPA, Bulgari SPA, K. Mikimoto & Co., Ltd., Graff Diamonds Corporation.
","North America, Europe, Asia Pacific, Central & South America, Middle East & Africa",Material ,Product ,Distribution Channel ,Application ,Regional ,,"Gold, Platinum, Diamond, Others","Necklace, Ring, Bracelet, Earring, Others","Online, Offline","Male, Female","North America, Europe, Asia Pacific, Central & South America, Middle East & Africa",,,,,,"The U.S., U.K., Germany, China, India, Brazil, UAE",
"Online Clothing Rental Market Size, Share & Trends Analysis Report, By End Use (Men, Women), By Dress Code (Formal, Casual, Traditional), By Region, And Segment Forecasts, 2019 - 2025",https://www.grandviewresearch.com/industry-analysis/online-clothing-rental-market,USD 1.12 billion ,,9.4%,,"North America, Europe, Asia Pacific, CSA, MEA",Use ,Dress Code ,Regional ,,,,"Men, Women, Others","Formal, Casual, Traditional","North America, Europe, Asia Pacific, CSA, MEA",,,,,,"The U.S., Mexico, France, The U.K., China, India, Argentina, UAE",,,
"Diabetic Footwear Market Size, Share & Trends Analysis Report By Product (Slippers, Sandals, Shoes), By Distribution Channel (Online, Offline), By Region, And Segment Forecasts, 2019 - 2025",https://www.grandviewresearch.com/industry-analysis/diabetic-footwear-market,USD 5.78 billion ,"
USD 9.66 billion
",7.6%,"
Podartis Srl, Aetrex Worldwide, DJO Global Inc., Dr. Zen Products, Inc., Orthofeet Inc
","North America, Europe, Asia Pacific, Central & South America, Middle East & Africa",Product ,Distribution Channel ,Regional ,,,,"Slippers, Sandals, Shoes","Offline, Online","North America, Europe, Asia Pacific, Central & South America, Middle East & Africa",,,,,,"The U.S., Canada, Mexico, Germany, The U.K., France, India, China, Japan, Brazil, South Africa, U.A.E., Saudi Arabia",,,
"Leather Goods Market Size, Share & Trends Analysis Report, By Distribution Channel (E-commerce, Retail Stores), By Product (Footwear, Luggage, Accessories, Others), By Material And Segment Forecasts, 2019 - 2025",https://www.grandviewresearch.com/industry-analysis/leather-goods-market,USD 414.0 billion ,,5.4%,,"North America, Europe, Asia Pacific, Central & South America, Middle East & Africa",Distribution Channel ,Material ,Product ,Regional ,,,"E-Commerce, Retail Stores, Supermarkets/Hypermarkets, Others","Footwear, Leather Products","Footwear, Casual Shoes, Leather Products, Luggage, Bags, Wallets & Purses","North America, Europe, Asia Pacific, Central & South America, Middle East & Africa",,,,"Genuine Leather, Textiles & Tropical Fibers, Rubber & Plastic, Other, Genuine, Synthetic, Bio-based","Military Shoes, Casual Shoes, Slippers & Sandals, Sneakers, Others, Formal Shoes, Sports Shoes, Others, Slippers & Sandals, Sneakers, Others, Upholstery, Luggage, Trunks, Suitcases, Others, Accessories, Clothing & Apparel, Bags, Wallets & Purses, Handbags, Coin Purses, Others, Others, Trunks, Suitcases, Others, Handbags, Coin Purses, Others","The U.S., Canada, Mexico, The U.K., Germany, France, Italy, Netherlands, China, India, Japan, Malaysia, Indonesia, Brazil, UAE",,
"Baby Product Market Size, Share & Trends Analysis Report By Product (Cosmetic & Toiletries, Baby Food, Baby Safety & Convenience), By Region (North America, MEA, APAC, Europe), And Segment Forecasts, 2019 - 2025",https://www.grandviewresearch.com/industry-analysis/baby-products-market,USD 10.91 billion ,,5.5%,,"North America, Europe, Asia Pacific, South & Central America, Middle East & Africa",Product ,Regional ,,,,,"Cosmetic & Toiletries, Baby Food, Baby Safety & Convenience","North America, Europe, Asia Pacific, South & Central America, Middle East & Africa",,,,,"Skin Care, Bath, Baby Hair Care, Other Cosmetics & Toiletries, Milk Products, Frozen Baby Food, Juice, Food Snacks, Food Cereals, Strollers, Car Seats","The U.S., The U.K., Germany, China, India, Japan, Brazil",,,,
"Sports Equipment Market Analysis Report By Product (Ball Games, Ball Over Net Games, Fitness/Strength Equipment, Athletic Training Equipment), By Distribution Channel, And Segment Forecasts, 2018 - 2025",https://www.grandviewresearch.com/industry-analysis/sports-equipment-market,USD 66.30 billion ,"
USD 89.22 billion
",3.5%,"
Callaway Golf Co., Amer Sports, Puma SE, Adidas AG, Nike, Inc., Mizuno Corporation, YONEX Co. Ltd.
","North America, Europe, Asia Pacific, Latin America, Middle East & Africa (MEA)",Product ,Distribution Channel ,Regional ,,,,"Ball over net games, Ball games, Fitness/strength equipment, Athletic training equipment, Others","Online retail, Specialty & sports shops, Department & discount stores","North America, Europe, Asia Pacific, Latin America, Middle East & Africa (MEA)",,,,,,"U.S., Canada, U.K., Germany, France, China, India, Japan, Australia, New Zealand, Brazil, Mexico",,,
"North America Travel Bags Market Size, Share & Trends Analysis Report, By Material (Hard Side, Soft Side), By Product (Duffle, Trolley, Backpacks), By Distribution Channel, Competitive Landscape, And Segment Forecasts, 2018 - 2025",https://www.grandviewresearch.com/industry-analysis/north-america-travel-bags-market,USD 9.05 billion ,,,,,Material ,Product ,Distribution Channel ,Country ,,,"Hard side, Soft side","Duffle, Trolley, Backpacks","Supermarket/Hypermarket, Specialty Stores, Online Stores, Others","The U.S., RONA",,,,,,,,
"Athletic Footwear Market Size, Share, & Trends Analysis Report By Category (Running Shoes, Sports Shoes, Aerobic Shoes, Walking Shoes, Trekking Shoes), By Gender, By Retail Channel, And Segment Forecasts, 2018 - 2025",https://www.grandviewresearch.com/industry-analysis/athletic-footwear-market,USD 64.30 billion ,,5.0%,,"North America, Europe, Asia Pacific, Latin America, Middle East & Africa",Category ,Gender ,Retail Channel ,Regional ,,,"Aerobic Shoes, Running Shoes, Walking Shoes, Trekking & Hiking Shoes, Sports Shoes","Men, Women, Kids","Brick & Mortar, E-commerce","North America, Europe, Asia Pacific, Latin America, Middle East & Africa",,,"Football, Basketball, Tennis, Rugby & American Football, Cricket, Baseball, Ice Hockey, Others",,,"The U.S., Canada, Germany, The U.K., China, India, Japan, Brazil, Mexico",,
"U.S. Leather and Fur Products Market Share, Size & Trends Analysis Report By Product (Women’s Leather Handbags, Leather Luggage, Leather Personal Goods, Leather & Fur Apparel), And Segment Forecasts, 2018 - 2025",https://www.grandviewresearch.com/industry-analysis/us-leather-fur-products-market,USD 12.79 billion ,,,,,Product ,,,,,,"Leather Luggage, Non-leather Luggage, Women’s Leather Handbags, Non-leather Women’s Non-leather Handbags, Leather Personal Goods, Leather & Fur Apparel, Other Products",,,,,,,,,,,
"Smartphone Screen Protector Market Size, Share & Trends Analysis Report By Material (Tempered Glass, Polyethylene Terephthalate), By Application, And Segment Forecasts, 2016 - 2024",https://www.grandviewresearch.com/industry-analysis/smartphone-screen-protector-market,USD 31.1 billion ,,6.8%,,,,,,,,,,,,,,,,,,,,
