Title,Link,Market size,Forecasted Market Size/ Revenue,CAGR (%) ,Companies ,Geographies/ Regions covered,Segment 1,Segment 2,Segment 3,Segment 4,Segment 5,Sub-segment 1,Sub-segment 2,Sub-segment 3,Sub-segment 4,Sub-segment 5,Level 1,Level 2,Level 3,Level 4,Level 5
"U.S. Knife Sharpening Service Market Size, Share & Trends Analysis Report By End User (Household, Commercial, Industrial), By Region (Northeast, Southwest, Midwest, West, Southeast), And Segment Forecasts, 2021 - 2028",https://www.grandviewresearch.com/industry-analysis/us-knife-sharpening-service-market,USD 70.9 million ,"
USD 117.1 million
",6.5%,"
Carter Cutlery, American Cutting Edge, Inc., Cozzini Bros, Inc., Florida Knife Company, Town Cutler, Eversharp Knives, John’s Sharpening Service & Cutlery, Market Grinding Inc., National Sharpening Company, Rod’s Sharpening Service
","Northeast, Southwest, Midwest, West, Southeast",user ,Regional ,,,,"Household, Commercial, Industrial","Northeast, Southwest, Midwest, West, Southeast",,,,,,,,
"Electronic Weighing Machines Market Size, Share & Trends Analysis Report By Type (Laboratory Scale, Retail Scale), By Distribution Channel (Online, Offline), By Region, And Segment Forecasts, 2020 - 2027",https://www.grandviewresearch.com/industry-analysis/electronic-weighing-machines-market,USD 3.7 billion ,"
USD 4.8 billion
",3.1%,"
A&D Company, Ltd., Mettler-Toledo International, Inc., Doran Scales, Inc., Essae-Teraoka Pvt. Ltd., Fairbanks Scales Inc., Kern & Sohn GmbH, BONSO Electronics International Inc., Shimadzu Corporation, Sartorius Group, Avery Weigh-Tronix, LLC
","North America, Europe, Asia Pacific, Central and South America, The Middle East and Africa",Type ,Distribution Channel ,Regional ,,,"Laboratory Scale, Gem and Jewelry Scale, Retail Scale, Health Scale, Kitchen Scale, Others","Online, Offline","North America, Europe, Asia Pacific, Central and South America, The Middle East and Africa",,,,,"The U.S., Germany, France, The U.K., China, India, Brazil",,
"Smart Home Appliances Market Size, Share & Trends Analysis Report By Product (Washing Machines, Refrigerators, TVs, Air Purifiers), By Distribution Channel (Online, Offline), By Region, And Segment Forecasts, 2020 - 2027",https://www.grandviewresearch.com/industry-analysis/smart-home-appliances-market,USD 32.30 billion ,"
USD 92.72 billion
",14.1%,"
Samsung, BSH, GE, Whirlpool, LG, Electrolux, Panasonic, Miele & Cie, Philips, IRobot, Ecovacs, Neato, Haier, Midea, Hisense
","North America, Europe, Asia Pacific, Central & South America, Middle East & Africa",Product ,Distribution Channel ,Regional ,,,"Smart Refrigerators, Smart Washing Machines, Smart Air Purifiers, Smart TVs, Others","Offline, Online","North America, Europe, Asia Pacific, Central & South America, Middle East & Africa",,,,,"The U.S., The U.K., China, India, Japan, Brazil, South Africa",,
"Portable Blenders Market Size, Share & Trends Analysis Report By Material (Plastic, Glass, Steel), By Distribution Channel (Offline, Online), By Region, And Segment Forecasts, 2020 - 2027",https://www.grandviewresearch.com/industry-analysis/portable-blenders-market,USD 120.8 million ,"
USD 225.1 million
",8.1%,"
Conair Cuisinart, Pop Babies, TOPQSC, Oster, BILACA, Hamilton Beach, Keyton, Little bees, Blufied, NutriBullet, BELLA
","North America, Europe, Asia Pacific, Central & South America, Middle East & Africa", Material ,Distribution Channel ,Regional ,,,"Plastic, Glass, Steel","Offline, Online","North America, Europe, Asia Pacific, Central & South America, Middle East & Africa",,,,,"The U.S., Germany, The U.K., China, India, Brazil",,
"Smart Bathroom Market Size, Share & Trends Analysis Report By Product (Toilet, Soap Dispenser, Faucet, Shower), By Application (Residential, Commercial), By Region, And Segment Forecasts, 2020 - 2027",https://www.grandviewresearch.com/industry-analysis/smart-bathrooms-market,USD 3.0 billion ,"
USD 6.69 billion
",10.5%,"
American Standard Brands, Cera Sanitaryware Ltd., Moen Incorporated, Lixil Group, Jacuzzi, Jaquar, Kohler Co., Spectrum Brands, Roca Sanitario, Toto Ltd.
","North America, Europe, Asia Pacific, Central & South America, Middle East & Africa",Product ,Application ,Regional ,,,"Smart Toilet, Smart Soap Dispenser, Smart Faucet, Smart Shower, Others","Residential, Commercial","North America, Europe, Asia Pacific, Central & South America, Middle East & Africa",,,,,"The U.S., Germany, The U.K., China, India,  Brazil",,
"Towel Warmers Market Size, Share & Trends Analysis Report By Application (Residential, Commercial), By Type (Electric, Hydronic), By Region, And Segment Forecasts, 2020 - 2027",https://www.grandviewresearch.com/industry-analysis/towel-warmers-market,USD 664.4 million ,"
USD 1.1 billion
",6.8%,"
Runtal North America, Inc. (Zehnder Group), Korado Group, Stelrad Radiator Group, Radox Radiators Ltd, Pitacs Limited, Apollo Radiators, Tangshan St. Lawrence radiator manufacturing co. ltd., Vogue UK, Myson Inc., Porcelanosa Group
","North America, Europe, Asia Pacific, Central and South America, Middle East & Africa",Application ,Type ,Regional ,,,"Residential, Commercial","Electric, Hydronic","North America, Europe, Asia Pacific, Central and South America, Middle East & Africa",,,,,"The U.S., Germany, France, The U.K., China, Japan, Brazil",,
"Smartphone Sanitizer Market Size, Share & Trends Analysis Report By Product (Phone-cleaning Wipes, Microfiber Cleaning Stickers, Phone Sanitizing Devices), By Distribution Channel, And Segment Forecasts, 2020 - 2027",https://www.grandviewresearch.com/industry-analysis/smartphone-sanitizer-market,USD 105.1 million ,"
USD 256.8 million
",11.8%,"
PhoneSoap, CleanSlate UV, CASETiFY, Lexon, HoMedics USA LLC, Digimore Electronics Co., Ltd., The Clorox Company, Pristine Screens LLC,  Shenzhen Leadingplus Electronic Co., Ltd., Totalle
","North America, Europe, Asia Pacific, Central & South America, Middle East & Africa (MEA)",Product ,Distribution Channel ,Regional ,,,"Phone-cleaning Wipes, Microfiber Cleaning Stickers, Phone Sanitizing Devices","Offline, Online","North America, Europe, Asia Pacific, Central & South America, Middle East & Africa (MEA)",,,,,"The U.S., Germany, The U.K., China, Japan, Brazil, South Africa",,
"UV Sanitizer Travel Wand Market Size, Share & Trends Analysis Report By Application (Residential, Commercial), By Distribution Channel (Online, Offline), By Region, And Segment Forecasts, 2020 - 2027",https://www.grandviewresearch.com/industry-analysis/uv-sanitizer-travel-wand-market,USD 81.2 million ,"
USD 209.9 million
",12.6%,"
Shenzhen VH Technology Co., Ltd., Shenzhen UVLED Optical Technology Co. Ltd., Verilux Inc., UV Sanitizer Direct, The UVlizer, SterilizerNow, SmartChoi4U, Life Safety Services, Steri-Wand, ANPEI smart medical device technology (ShenZhen) Co., Ltd.
","North America, Europe, Asia Pacific, Rest of the World ",Application ,Distribution Channel ,Regional ,,,"Residential, Commercial","Online, Offline","North America, Europe, Asia Pacific, Rest of the World ",,,,,"The U.S., Canada, Germany, The U.K., Italy, Japan, China, Brazil",,
"Online Book Services Market Size, Share & Trends Analysis Report By Product (Trade, Education, Science, Technology & Medicine), By Region, And Segment Forecasts, 2020 - 2027",https://www.grandviewresearch.com/industry-analysis/online-book-services-market,USD 17.7 billion ,"
USD 27.8 billion
",5.8%,"
Amazon, Apple, Barnes & Noble, Kobo, Google, Smashwords, Inc., HarperCollins Publishers, Hachette Book Group, Lulu Press, Inc., Scribd, Inc.
","North America, Europe, Asia Pacific, Central & South America, Middle East & Africa (MEA)",Product ,Regional ,,,,"Trade             , Education                 , Science, Technology & Medicine (STM)","North America, Europe, Asia Pacific, Central & South America, Middle East & Africa (MEA)",,,,,"The U.S., The U.K., Germany, Japan, China, Brazil, South Africa",,,
"Car Wash Ancillary Products Market Size, Share & Trends Analysis Report By Product (Car Wash Vacuum System, Bay Doors), By Distribution Channel, By Region, And Segment Forecasts, 2020 - 2027",https://www.grandviewresearch.com/industry-analysis/car-wash-ancillary-products-market,USD 655.8 million ,"
USD 772.1 million
",2.1%,"
Ezytek Clean Pvt. Ltd., Mr. Nozzle Inc., AutoVac Industrial Vacuum & Air Systems, GinSan Industries, Coleman Hanna Carwash Systems LLC, WashTec AG, Vacutech LLC, Eurovac, Fragramatics, JE Adams Industries, Ltd., PurClean (New Wave Industries), Huron Valley Sales, Inc., Velocity Water Works, LLC,  Airlift Doors, Inc., Goff's Enterprises Inc., Hamilton Manufacturing Corp., AVW Equipment Company, Inc., Extractomat, Carolina Pride Carwash Systems & Solutions, CustomKraft Industries Inc.
","North America, Europe, Asia Pacific, Central & South America, Middle East & Africa",Product ,Distribution Channel ,Regional ,,,"Car Wash Vacuum System, RO Systems, Bay Doors, Water Softeners, Entry/Payment Systems, Others","Offline, Online","North America, Europe, Asia Pacific, Central & South America, Middle East & Africa",,,,,"U.S., Germany, U.K., China, Australia, Brazil, UAE",,
"UV Sterilizer Pouch Market Size, Share & Trends Analysis Report By End User (Commercial, Residential), By Distribution Channel (Online, Offline), By Region, And Segment Forecasts, 2020 - 2027",https://www.grandviewresearch.com/industry-analysis/uv-sterilizer-pouch-market,USD 91.6 million ,"
USD 202.4 million
",10.4%,"
bvibe.com, Guangdong Liangyueliang Photoelectric Technology, Seoul Viosys, Shenzhen Uv Guard Technology Co. Ltd., Shenzhen Pvison Technology Co. ltd., Shenzhen Liangzan Optoelectronic Co. Ltd., ASDA Technology (Zhaoqing) Co. Ltd., Shenzhen UV Guard Technology Co. Ltd., Shenzhen Jifushe Technology Co. Ltd.
","North America, Europe, Asia Pacific, Central & South America, Middle East & Africa",Distribution Channel ,user ,Regional ,,,"Online, Offline","Residential, Commercial","North America, Europe, Asia Pacific, Central & South America, Middle East & Africa",,,,,"U.S., Germany, U.K., China, Japan",,
"Portable UV Sanitizing Boxes Market Size, Share & Trends Analysis Report By Application (Residential, Commercial), By Distribution Channel (Online, Offline), By Region, And Segment Forecasts, 2020 - 2027",https://www.grandviewresearch.com/industry-analysis/portable-uv-sanitizing-boxes-market,USD 97.1 million ,,15.4%,"
PhoneSoap LLC, CleanSlate UV, PhonoClean, Phone Tubs, HoMedics USA LLC, LovingCase (Shenzhen Nuoweir Co.), Sterilize My Phone LLC, Coospider beauty, Munchkin, Inc., ANPEI smart medical device technology (ShenZhen) Co., Ltd.
","North America, Europe, Asia Pacific, Rest of the World",Application ,Distribution Channel ,Regional ,,,"Residential, Commercial","Online, Offline","North America, Europe, Asia Pacific, Rest of the World",,,,,"The U.S., Canada, Germany, The U.K., Italy, Japan, China, Brazil",,
"Smart Dishwasher Market Size, Share & Trends Analysis Report By Product, By Application (Household, Commercial), By Distribution Channel (Offline, Online), By Region, And Segment Forecasts, 2020 - 2027",https://www.grandviewresearch.com/industry-analysis/smart-dishwasher-market,USD 2.4 billion ,"
USD 5.0 billion
",9.4%,"
Robert Bosch GmbH, LG Electronics, SAMSUNG ELECTRONICS CO., LTD., Haier Group Corporation, Electrolux AB, Whirlpool Corporation, Miele & Cie. KG, Panasonic Corporation, Arçelik A.Ş., SMEG S.p.A.
","North America, Europe, Asia Pacific, Central & South America, Middle East & Africa (MEA)",Product ,Application ,Distribution Channel ,Regional ,,"Free Standing Dishwasher, Built-in Dishwasher","Household, Commercial","Offline, Online","North America, Europe, Asia Pacific, Central & South America, Middle East & Africa (MEA)",,,,,"The U.S., Germany, France, China, Japan, Brazil, South Africa",
"Heated Mattress Pads Market Size, Share & Trends Analysis Report By Application (Households, Hotels, Hospitals), By Distribution Channel (Offline, Online), By Region, And Segment Forecasts, 2020 - 2027",https://www.grandviewresearch.com/industry-analysis/heated-mattress-pads-market,USD 367.6 million ,"
USD 521.2 million
",4.5%,"
Electro Warmth, Sunbeam Products, Inc., Sleep Number Corporation, Kryo Inc., Biddeford, TUCK.COM LLC, Therapedic International, Bed Bath & Beyond Inc., Perfect Fit, Delutti, Inc.
","North America, Europe, Asia Pacific, Central & South America, Middle East & Africa",Application ,Distribution Channel ,Regional ,,,"Households, Hotels, Hospitals, Others","Offline, Online","North America, Europe, Asia Pacific, Central & South America, Middle East & Africa",,,,,"The U.S., Germany, The U.K., Japan, China, Brazil",,
"Robotic Vacuum Cleaner Market Size, Share & Trends Analysis Report By Type (Floor, Pool), By Distribution Channel (Online, Offline), By Region (North America, Europe, APAC, Rest Of The World), And Segment Forecasts, 2020 - 2027",https://www.grandviewresearch.com/industry-analysis/robotic-vacuum-cleaner-market,USD 2.56 billion ,"
USD 9.41 billion
",17.7%,"
iRobot Corporation, Ecovacs Robotics, Xiaomi Corporation, Beijing Roborock Technology Co., Ltd., SharkNinja Operating LLC, Neato Robotics, Inc., Cecotec Innovaciones S.L., Panasonic Corporation, Samsung Electronics Co., Ltd., Dyson Ltd.
","North America, Europe, Asia Pacific, Rest of the World",Type ,Distribution Channel ,Regional ,,,"Floor Vacuum Cleaner, Pool Vacuum Cleaner","Online  , Offline","North America, Europe, Asia Pacific, Rest of the World",,,,,"The U.S., Germany, The U.K., Italy, Japan, China, Saudi Arabia",,
"Wireless Earphone Market Size, Share & Trends Analysis Report By Application (Virtual Reality, Music & Entertainment), By Distribution Channel (Offline, Online), By Region, And Segment Forecasts, 2020 - 2027",https://www.grandviewresearch.com/industry-analysis/wireless-earphone-market,USD 2.17 billion ,"
USD 3.41 billion
",5.8%,"
Apple Inc., Bose Corporation, Sony Corporation, Samsung, JVC, OnePlus, Jaybird, Beats, Shure Inc., Sennheiser electronic GmbH & Co. KG.
","North America, Europe, Asia Pacific, Central & South America, Middle East & Africa",Application ,Distribution Channel ,Regional ,,,"Gaming, Fitness, Virtual Reality, Music & Entertainment","Online, Offline","North America, Europe, Asia Pacific, Central & South America, Middle East & Africa",,,,,"The U.S., Germany, The U.K., China, India, Brazil, South Africa",,
"Crawler Camera System Market Size, Share & Trends Analysis Report By Application (Drain Inspection, Pipeline Inspection, Tank, Void, & Conduit/Cavity Inspection), By End User, By Region, And Segment Forecasts, 2020 - 2027",https://www.grandviewresearch.com/industry-analysis/crawler-camera-system-market,USD 163.4 million ,"
USD 309.2 million
",8.3%,"
Deep Trekker Inc., AM Industrial (UK) Ltd., iPEK International GmbH, CUES Inc., Eddyfi Technologies, Kummert GmbH, Mini-Cam Ltd., Rausch Electronics USA, LLC, Inspector Systems Rainer Hitzel GmbH, Subsite Electronics
","North America, Europe, Asia Pacific, Central & South America, Middle East & Africa (MEA)",Application ,User ,Regional ,,,"Drain Inspection, Pipeline Inspection, Tank, Void, and Conduit/Cavity Inspection","Industrial, Commercial, Municipal, Residential","North America, Europe, Asia Pacific, Central & South America, Middle East & Africa (MEA)",,,,,"The U.S., Germany, The U.K., China, India, Brazil, South Africa",,
"Smart Home Security Cameras Market Size, Share & Trends Analysis Report By Product (Wired, Wireless), By Application (Doorbell Camera, Indoor Camera, Outdoor Camera), By Region, And Segment Forecasts, 2020 - 2027",https://www.grandviewresearch.com/industry-analysis/smart-home-security-camera-market,USD 3.71 billion ,"
USD 11.9 billion
",15.7%,"
Vivint, Inc., ADT, SimpliSafe, Inc., Frontpoint Security Solutions, LLC, Brinks Home Security, iSmart Alarm, Inc., LiveWatch Security LLC, Skylinkhome, Protect America, Inc., SAMSUNG
","North America, Europe, Asia Pacific, Central & South America, Middle East & Africa",Product ,Application ,Regional ,,,"Wired, Wireless","Doorbell Camera, Indoor Camera, Outdoor Camera","North America, Europe, Asia Pacific, Central & South America, Middle East & Africa",,,,,"U.S., Germany, U.K., China, India, Brazil",,
"Smart Washing Machine Market Size, Share & Trends Analysis Report By Product (Front Load, Top Load), By Application (Residential, Commercial), By Capacity, By Region, And Segment Forecasts, 2020 - 2027",https://www.grandviewresearch.com/industry-analysis/smart-washing-machine-market,USD 4.90 billion ,"
USD 21.82 billion
",,"
Honeywell International Inc., Koninklijke Philips N.V., Sunbeam Products, Inc., Xiaomi Corporation, Blueair, COWAYCO. LTD., Whirlpool, Americair Corporation, Sharp Corporation, and Dyson
","North America, Europe, Asia Pacific, Central & South America, Middle East & Africa",Product ,Capacity ,Application ,Regional ,,"Front Load, Top Load","Less than 6 kg, 6-10 kg, More than 10 kg","Residential, Commercial","North America, Europe, Asia Pacific, Central & South America, Middle East & Africa",,,,,"The U.S., Germany, The U.K., China, India, Brazil",
"Smart Sports Equipment Market Size, Share & Trends Analysis Report By Product (Balls, Golf Stick, Hockey Stick, Rackets & Bats), By Distribution Channel, By Region, And Segment Forecasts, 2020 - 2027",https://www.grandviewresearch.com/industry-analysis/smart-sports-equipment-market,USD 2.16 billion ,"
USD 4.04 billion
",8.1%,"
InfoMotion Sports Technologies, Golfsmith International Holdings, Inc., DribbleUp, Inc., Adidas AG, Wilson Sporting Goods, BABOLAT VS S.A., HockeyShot Inc., Riddell, Zepp Labs, Inc., and Gridiron Technologies
","North America, Europe, Asia Pacific, Central & South America, Middle East & Africa",Product ,Distribution Channel ,Regional ,,,"Balls, Golf Stick, Hockey Stick, Rackets & Bats, Others","Franchise Stores, Specialty Stores, Online","North America, Europe, Asia Pacific, Central & South America, Middle East & Africa",,,,," The U.S., Germany,  The U.K., China, India, Brazil",,
"Smart Kettle Market Size, Share & Trends Analysis Report By Technology (Bluetooth, Wi-Fi, Voice-enabled), By Power Rating (Up to 1200 W, 1200-1800 W, 1800-3000 W), By Region, And Segment Forecasts, 2020 - 2027",https://www.grandviewresearch.com/industry-analysis/smart-kettles-market,USD 237.3 million ,,19.2%,,"North America, Europe, Asia Pacific, Central & South America, Middle east & Africa",Technology ,Power Rating ,Regional ,,,"Wi-Fi, Bluetooth, Voice-enabled, Others","Up to 1200 W, 1200-1800 W, 1800-3000 W","North America, Europe, Asia Pacific, Central & South America, Middle east & Africa",,,,,"The U.S., The U.K., Germany, China, India, Brazil, South Africa",,
"Home Entertainment Devices Market Size, Share & Trends Analysis Report By Device (Audio, Video, Gaming Consoles), By Distribution Channel (Offline, Online), By Region, And Segment Forecasts, 2019 - 2025",https://www.grandviewresearch.com/industry-analysis/home-entertainment-devices-market,USD 225.0 billion ,"
USD 345.1 billion
",6.3%,"
Samsung Electronics Co. Ltd., Panasonic Corporation, Sony Corporation, LG Electronics Inc., Mitsubishi Electric Corporation, Sennheiser electronic GmbH & Co. KG, Bose Corporation, Koninklijke Philips N.V., Haier Inc., Microsoft Corporation
","North America, Europe, Asia Pacific, Central & South America, Middle East & Africa (MEA)",Device ,Distribution Channel ,Regional ,,,"Audio Devices, Video Devices, Gaming Consoles","Offline, Online","North America, Europe, Asia Pacific, Central & South America, Middle East & Africa (MEA)",,,,,"The U.S., Germany, The U.K., China, India, Japan, Brazil, South Africa",,
"Ventilation Fan Market Size, Share & Trends Analysis Report By Product (Axial, Centrifugal), By Raw Material (Metal, Plastic), By Deployment, By Application, By Region, And Segment Forecasts, 2019 - 2025",https://www.grandviewresearch.com/industry-analysis/ventilation-fan-market,USD 2.29 billion ,"
USD 3.85 billion
",7.7%,"
Crompton, Delta Electronics, Inc., Fuji Electric Co., Ltd., Havells India Ltd., Mitsubishi Electric, Panasonic Corporation, Rexnord Electronics & Controls Ltd., Surya Roshni Ltd., Systemair AB, Volution Group Plc
","North America, Europe, Asia Pacific, Central & South America, Middle East & Africa (MEA)",Product ,Raw Material ,Deployment ,Application ,Regional ,"Axial, Centrifugal","Metal, Plastic","Wall-mounted, Ceiling-mounted","Industrial, Commercial, Residential","North America, Europe, Asia Pacific, Central & South America, Middle East & Africa (MEA)",,,,,"U.S., U.K., France, India, China, Brazil, South Africa"
"Electric Rice Cooker Market Size, Share & Trends Analysis Report By Product (Standard, Multifunctional, Induction), By Application (Household, Commercial), By Distribution Channel, By Region, And Segment Forecasts, 2019 - 2025",https://www.grandviewresearch.com/industry-analysis/electric-rice-cooker-market,USD 685.2 million ,,,,"North America, Europe, Asia Pacific, Central & South America, Middle East & Africa",Product ,Application ,Distribution Channel ,Regional ,,"Standard, Multifunctional, Induction, Others","Household, Commercial","Offline, Online","North America, Europe, Asia Pacific, Central & South America, Middle East & Africa",,,,,"The U.S., France, The U.K., Belgium, China, India, Brazil",
"Home Beer Brewing Machine Market Size, Share & Trends Analysis Report By Product (Mini Brewer, Full-size Brewer), By Mechanism (Automatic, Manual), By Region, And Segment Forecasts, 2019 - 2025",https://www.grandviewresearch.com/industry-analysis/home-beer-brewing-machine-market,USD 12.0 million ,,,,"Americas, EMEA, Asia Pacific",Product ,Mechanism ,Regional ,,,"Mini Brewer, Full-size Brewer","Automatic, Manual","Americas, EMEA, Asia Pacific",,,,,"The U.S., Canada, Brazil, Germany, U.K., Italy, New Zealand, Australia",,
"Treadmill Ergometer Market Size, Share & Trends Analysis Report By Application (Fitness Clubs, Medical Centers), By End User (Commercial, Residential), By Region, And Segment Forecasts, 2019 - 2025",https://www.grandviewresearch.com/industry-analysis/treadmill-ergometer-market,USD 2.62 billion ,"
USD 3,752.8 million
",5.2%,"
BODYCRAFT, ergoline GmbH, h/p/cosmos sports & medical GmbH, Life Fitness, TECHNOGYM S.p.A, ICON Health & Fitness, Amer Sports, Johnson Fitness & Wellness, Cybex International, Inc., Enraf-Nonius.
","North America, Europe, Asia Pacific, Central & South America, Middle East & Africa",Application ,User ,Regional ,,,"Fitness Clubs, Medical Centers","Commercial, Residential","North America, Europe, Asia Pacific, Central & South America, Middle East & Africa",,,,,"The U.S., Germany, The U.K., China, Japan, Brazil",,
"Air Fryer Market Size, Share & Trends Analysis Report By Product (Manual, Digital), By Distribution Channel (Offline, Online), By Region (North America, Europe, APAC, MEA, Central & South America), And Segment Forecasts, 2019 - 2025",https://www.grandviewresearch.com/industry-analysis/air-fryer-market,USD 658.9 million ,,7.0%,,"North America, Europe, Asia Pacific, Central & South America, Middle East & Africa",Product ,Distribution Channel ,Regional ,,,"Manual, Digital","Offline, Online","North America, Europe, Asia Pacific, Central & South America, Middle East & Africa",,,,,"The U.S., Germany, U.K., France, China, India, Brazil",,
"Body Dryer Market Size, Share & Trends Analysis Report By Product (Wall Mounted, On Floor), By Application (Residential, Commercial), By Region, And Segment Forecasts, 2019 - 2025",https://www.grandviewresearch.com/industry-analysis/body-dryer-market,USD 3.04 million ,,4.81%,,"North America, Europe, Asia Pacific, Central & South America, Middle East & Africa",Product ,Application ,Regional ,,,"On Floor, Wall Mounted","Residential, Commercial","North America, Europe, Asia Pacific, Central & South America, Middle East & Africa",,,,,"The U.S., Germany, The U.K., China, India, Brazil, South Africa",,
"Electric Hair Clipper & Trimmer Market Size, Share & Trends Analysis Report By Product (Corded, Cordless), By Distribution Channel (Offline, Online), By Region, And Segment Forecasts, 2019 - 2025",https://www.grandviewresearch.com/industry-analysis/electric-hair-clipper-trimmer-market,USD 5.3 billion ,"
USD 6,285.1 million
",,"
Koninklijke Philips N.V., Wahl, Spectrum Brands, Inc. (Remington), Procter & Gamble (Braun GmbH), Panasonic Corporation, Conair Corporation, Andis Company, VEGA, Sunbeam Products, Inc., (Oster Professional), Havells India Ltd.
","North America, Europe, Asia Pacific, Central & South America, Middle East & Africa",Product ,Distribution Channel ,Regional ,,,"Corded, Cordless","Offline, Online","North America, Europe, Asia Pacific, Central & South America, Middle East & Africa",,,,,"The U.S., Germany, The U.K., France, China, India, Brazil",,
"Massage Equipment Market Size, Share & Trends Analysis Report By Product (Chairs & Sofas, Handheld), By Application (Commercial, Home), By Region, And Segment Forecasts, 2019 - 2025",https://www.grandviewresearch.com/industry-analysis/massage-equipment-market,USD 6.9 billion ,,,,"North America, Europe, Asia Pacific, Central & South America, Middle East & Africa (MEA)",Product ,Application ,Regional ,,,"Chairs & Sofas, Back Massagers, Handheld, Neck & Shoulder, Others","Commercial, Home","North America, Europe, Asia Pacific, Central & South America, Middle East & Africa (MEA)",,,,,"The U.S., Germany, France, The U.K., China, India, Japan",,
"Docking Station Market Size, Share & Trends Analysis Report By Connectivity (Wireless, Wired), By Product (Laptop, Smartphones & Tablets), By Distribution Channel (Offline, Online), By Region, And Segment Forecasts, 2019 - 2025",https://www.grandviewresearch.com/industry-analysis/docking-station-market,USD 1.10 billion ,,5.6%,,"North America, Europe, Asia Pacific, Central & South America, Middle East & Africa",Product ,Connectivity ,Distribution Channel ,Regional ,,"Laptop, Smartphones & Tablets, Others","Wired, Wireless","Offline, Online","North America, Europe, Asia Pacific, Central & South America, Middle East & Africa",,,,,"The U.S., Germany, The U.K., China, India, Brazil, Saudi Arabia",
"Smart Baby Monitor Market Size, Share & Trends Analysis Report By Product (Audio & Video, Tracking Devices), By Distribution Channel (Offline, Online), By Region, And Segment Forecasts, 2019 - 2025",https://www.grandviewresearch.com/industry-analysis/smart-baby-monitor-market,USD 972.6 million ,"
USD 1,707.9 million
",,"
Samsung Electronics Co., Ltd., Motorola, Inc., Dorel Industries Inc., iBaby Labs, Inc., NETGEAR Inc., Summer Infant, Inc., VTech, Lorex Technology Inc., Angelcare Monitor Inc., Safety 1st.
","North America, Europe, Asia Pacific, Central & South America, Middle East & Africa",Product ,Distribution Channel ,Regional ,,,"Audio & Video, Tracking Devices","Online, Offline","North America, Europe, Asia Pacific, Central & South America, Middle East & Africa",,,,,"The U.S., Germany, U.K., China, India, Brazil, UAE",,
"Toaster Market Size, Share & Trends Analysis Report By Product (Pop-up, Oven, Conveyor), By Application (Residential, Commercial), By Region, And Segment Forecasts, 2019 - 2025",https://www.grandviewresearch.com/industry-analysis/toaster-market,USD 3.2 billion ,"
USD 4.47 billion
",4.8%,"
The APW Wyott, Hatco, Star Manufacturing International, Waring Commercial, Toastmaster, Hamilton Beach, Cuisinart, Kitchenaid
","North America, Europe, Asia Pacific, Central & South America, Middle East & Africa",Product ,Application ,Regional ,,,"Pop-up Toasters, Toaster Oven, Conveyor Toasters","Commercial, Residential","North America, Europe, Asia Pacific, Central & South America, Middle East & Africa",,,,,"The U.S., Germany, The U.K., China, India, Brazil, South Africa",,
"Baby Food Maker Market Size, Share & Trends Analysis Report By Product (Food Preparation, Bottle Preparation), By Distribution Channel (Offline, Online), By Region, And Segment Forecasts, 2019 - 2025",https://www.grandviewresearch.com/industry-analysis/baby-food-maker-market,USD 744.2 million ,,,,"North America, Europe, Asia Pacific, Central & South America, Middle East & Africa",Product ,Distribution Channel ,Regional ,,,"Food Preparation, Bottle Preparation","Online, Offline","North America, Europe, Asia Pacific, Central & South America, Middle East & Africa",,,,,"The U.S., The U.K., Germany, France, China, India, Brazil",,
"Portable Mini Fridge Market Size, Share & Trends Analysis Report By Application (Residential, Commercial), By Distribution Channel (Offline, Online), By Region, And Segment Forecasts, 2019 - 2025",https://www.grandviewresearch.com/industry-analysis/portable-mini-fridge-market,USD 918.6 million ,,,,"North America, Europe, Asia Pacific, Central & South America, Middle East & Africa",Application ,Distribution Channel ,Regional ,,,"Residential, Commercial","Offline, Online","North America, Europe, Asia Pacific, Central & South America, Middle East & Africa",,,,,"The U.S., U.K., Germany, France, China, India, Brazil, UAE",,
"Rotary Hammer Drill Market Size, Share & Trends Analysis Report By Product (Wired, Wireless), By Application (Residential, Commercial), By Distribution Channel, By Region, And Segment Forecasts, 2019 - 2025",https://www.grandviewresearch.com/industry-analysis/rotary-hammer-drill-market,USD 1.41 billion ,,3.7%,,"North America, Europe, Asia Pacific, Central & South America, Middle East & Africa",Product ,Application ,Distribution Channel ,Regional ,,"Wired, Wireless","Residential, Commercial","Online, Offline","North America, Europe, Asia Pacific, Central & South America, Middle East & Africa",,,,,"The U.S., The U.K., Germany, China, India, Brazil, South Africa",
"Tankless Water Heater Market Size, Share & Trends Analysis Report By Product (Electric, Gas), By Application (Residential, Commercial), By Region, And Segment Forecasts, 2019 - 2025",https://www.grandviewresearch.com/industry-analysis/tankless-water-heater-market,USD 2.8 billion ,,7.5%,,"North America, Europe, Asia Pacific, Central & South America, Middle East & Africa",Product ,Application ,Regional ,,,"Electric, Gas","Residential, Commercial","North America, Europe, Asia Pacific, Central & South America, Middle East & Africa",,,,,"The U.S., Germany, The U.K., China, Japan, Brazil",,
"Shoe Shine Machine Market Size, Share & Trends Analysis Report By Product (Automatic, Manual), By Application (Residential, Commercial), By Region, And Segment Forecasts, 2019 - 2025",https://www.grandviewresearch.com/industry-analysis/shoe-shining-machine-market,USD 48.56 million ,"
USD 72.7 million
",5.95%,"
HEUTE Maschinenfabrik GmbH & Co KG, Beck Shoe Products Co., Moneysworth & Best, Sunpentown, Inc., Euronics Industries Pvt. Ltd., Dolphy India Pvt. Ltd.
","North America, Europe, Asia Pacific, Central & South America, Middle East & Africa",Product ,Application ,Regional ,,,"Automatic, Manual","Residential, Commercial","North America, Europe, Asia Pacific, Central & South America, Middle East & Africa",,,,,"The U.S., Germany, U.K., China, India, Brazil, South Africa",,
"Household Humidifier Market Size, Share & Trends Analysis Report By Product (Portable (Ultrasonic, Cool Mist, Warm Mist), Whole-house), By Distribution Channel (Offline, Online), And Segment Forecasts, 2019 - 2025",https://www.grandviewresearch.com/industry-analysis/household-humidifier-market,USD 2.77 billion ,,4.6%,,,Product ,Distribution Channel ,Region ,,,"Portable, Whole-house","Offline, Online","North America, Europe, Asia Pacific, Central & South America, Middle East & Africa",,,"Ultrasonic, Cool Mist, Warm Mist",,"The U.S., Germany, U.K., China, India, Brazil, South Africa",,
"Vending Machine Market Size, Share & Trends Analysis Report By Application (Offices, Commercial Places), By Payment Mode (Cashless, Cash), By Region (MEA, APAC, North America), And Segment Forecasts, 2019 - 2025",https://www.grandviewresearch.com/industry-analysis/global-vending-machine-market,,,,,"North America, Europe, Asia Pacific, Central & South America, Middle East & Africa",Application ,Payment Mode ,Regional ,,,"Commercial Places, Offices, Public Places, Others","Cash, Cashless","North America, Europe, Asia Pacific, Central & South America, Middle East & Africa",,,,,"The U.S., Italy, U.K., China, Japan, Brazil, Saudi Arabia",,
"LED Table Lamps Market Size, Share & Trends Analysis Report By Product (Decorative, Reading Lamps), By Distribution Channel (Offline, Online), By Application (Household, Commercial), And Segment Forecasts, 2019 - 2025",https://www.grandviewresearch.com/industry-analysis/led-table-lamps-market,USD 4.97 billion ,,15.2%,,"North America, Europe, Asia Pacific, Central & South America, Middle East & Africa",Product ,Application ,Distribution Channel ,Regional ,,"Reading, Decorative","Household, Commercial","Offline, Online","North America, Europe, Asia Pacific, Central & South America, Middle East & Africa",,,,,"The U.S., U.K., Germany, France, China, India, Brazil, Egypt",
"Gas & Electric Pressure Cooker Market Size, Share & Trends Analysis Report By Material (Stainless Steel, Aluminum), By Application (Residential, Commercial), By Region, And Segment Forecasts, 2019 - 2025",https://www.grandviewresearch.com/industry-analysis/gas-electric-pressure-cooker-market,USD 6.19 billion ,,7.11%,,"North America, Europe, Asia Pacific, Central & South America, Middle East & Africa",Material ,Application ,Regional ,,,"Stainless Steel, Aluminum, Others","Residential, Commercial","North America, Europe, Asia Pacific, Central & South America, Middle East & Africa",,,,,"The U.S., Germany, The U.K., China, India, Brazil, South Africa",,
"Capsule Coffee Machine Market Size, Share & Trends Analysis Report By Application (Commercial, Household), By Region (North America, Europe, APAC, MEA, CSA), And Segment Forecasts, 2019 - 2025",https://www.grandviewresearch.com/industry-analysis/capsule-coffee-machine-market,,"
USD 1,778.4 million
",,"
Keurig Green Mountain, Inc., Nestlé Nespresso SA, Dualit Limited, Jacobs Douwe Egberts Pro, Starbucks Corporation, Dunkin Brands, LUIGI LAVAZZA SPA, Koninklijke Philips N.V., illycaffè S.p.A.
","North America, Europe, Asia Pacific, Central & South America, Middle East & Africa",Application ,Regional ,,,,"Household, Commercial","North America, Europe, Asia Pacific, Central & South America, Middle East & Africa",,,,,"The U.S., Germany, U.K, Japan, China, India, Brazil",,,
"Smart Air Purifier Market Size, Share & Trends Analysis Report By Technology (HEPA Filter, Activated Carbon, Others), By Application (Commercial, Residential), By Region, And Segment Forecasts, 2019 - 2025",https://www.grandviewresearch.com/industry-analysis/smart-air-purifier-market,,"
USD 4.71 billion
",,"
Honeywell International Inc., Koninklijke Philips N.V., Sunbeam Products, Inc., Xiaomi Corporation, Blueair, COWAYCO. LTD., Whirlpool, Americair Corporation, Sharp Corporation, Dyson
","North America, Europe, Germany, The U.K., Asia Pacific, Central & South America, Brazil, Middle East & Africa",Technology ,Application ,Regional ,,,"HEPA Filter, Activated Carbon, Others","Residential, Commercial","North America, Europe, Germany, The U.K., Asia Pacific, Central & South America, Brazil, Middle East & Africa",,,,,"The U.S., China, India",,
"Pet Monitoring Camera Market Size, Share & Trends Analysis Report By Product (One-way Video Functionality, Two-way Video Functionality), By Distribution Channel (Offline, Online), By Region, And Segment Forecasts, 2019 - 2025",https://www.grandviewresearch.com/industry-analysis/pet-monitoring-camera-market,USD 49.5 million ,,,,,Product ,Distribution Channel ,Region ,,,"One-way Video Functionality, Two-way Video Functionality","Offline, Online","North America, Europe, Asia Pacific, Central & South America, Middle East & Africa",,,,,"The U.S., Germany, The U.K., China, Japan, Brazil, South Africa",,
"Hand Blender Market Size, Share & Trends Analysis Report By Product (Corded, Cordless), By Distribution Channel (Offline, Online), By Region, And Segment Forecasts, 2019 - 2025",https://www.grandviewresearch.com/industry-analysis/hand-blender-market,USD 229.2 million ,"
USD 398.3 million
",,"
BSH Home Appliances Group, Koninklijke Philips N.V., Panasonic Corporation, Whirlpool, Wonderchef Home Appliances Pvt. Ltd, Braun GmbH
","North America, Europe, Asia Pacific, Central & South America, Middle East & Africa",Product ,Distribution Channel ,Regional ,,,"Corded, Cordless","Offline, Online","North America, Europe, Asia Pacific, Central & South America, Middle East & Africa",,,,," The U.S., U.K., Germany,  France, China,  India,  Brazil",,
"Digital Pen Market Size, Share & Trends Analysis Report By Product (Scanning, Handwriting), By Application (BFSI, Healthcare), By Region, And Segment Forecasts, 2019 - 2025",https://www.grandviewresearch.com/industry-analysis/digital-pen-market,USD 1.5 billion ,"
USD 2.96 billion
",,"
I.R.I.S., Luidia, Sony, Livescribe, Kent Displays, Wacom, e-Pens, ACE CAD, Neo Smart Pens, Neo Slate
","North America, Europe, Asia Pacific, Central & South America, Middle East & Africa (MEA)",Product ,Application ,Regional ,,,"Scanning, Handwriting","BFSI, Healthcare, Government, Media & Entertainment, Education, Retail, Others","North America, Europe, Asia Pacific, Central & South America, Middle East & Africa (MEA)",,,,,"The U.S., Germany, U.K., India, China, Japan, Brazil",,
"Wireless Mouse Market Size, Share & Trends Analysis Report By Product (Bluetooth, Radio Frequency), By Distribution Channel (Offline, Online), By Region (Europe, APAC, North America, MEA), And Segment Forecasts, 2019 - 2025",https://www.grandviewresearch.com/industry-analysis/wireless-mouse-market,USD 1.38 billion ,,3.7%,,"North America, Europe, Asia Pacific, Central & South America, Middle East & Africa",Product ,Distribution Channel ,Regional ,,,"Radio Frequency, Bluetooth","Offline, Online","North America, Europe, Asia Pacific, Central & South America, Middle East & Africa",,,,,"U.S., Germany, U.K., France, China, Japan, India, Brazil",,
"Golf Rangefinder Market Size, Share & Trends Analysis Report By Product (LASER, GPS), By Distribution Channel (Offline, Online), By Region, And Segment Forecasts, 2019 - 2025",https://www.grandviewresearch.com/industry-analysis/golf-rangefinder-market,USD 106.7 million ,,8.3%,"
Bushnell Corporation, Nikon Corporation, Laser Link, Callaway, Leupold & Stevens, Inc., SkyHawke Technologies, LLC, ZEISS International
","North America, Europe, Asia Pacific, Central & South America, Middle East & Africa",Product ,Distribution Channel ,Regional ,,,"LASER, GPS","Offline, Online","North America, Europe, Asia Pacific, Central & South America, Middle East & Africa",,,,,"The U.S., U.K., Germany, China, Japan, Australia, Brazil",,
"Smart Ceiling Fans Market Size, Share & Trends Analysis Report By Application (Residential, Commercial), By Distribution Channel (Offline, Online), By Region, And Segment Forecasts, 2019 - 2025",https://www.grandviewresearch.com/industry-analysis/smart-ceiling-fans-market,USD 698.4 million ,"
USD 993.6 million
",,"
Hunter Fan Company, Orient Electric, Delta T, LLC, Ottomate International, Minka Lighting Inc., Modern Form, Fanimation, OCECO, Havells India Ltd., CG Power and Industrial Solutions Limited
",,Application ,Distribution Channel ,Region ,,,"Residential, Commercial","Offline, Online","North America, Europe, Asia Pacific, Central & South America, Middle East & Africa",,,,,"The U.S., Germany, The U.K., China, India, Brazil, South Africa",,
"Residential Lighting Fixtures Market Size Report, By Source (Fluorescent, LED & OLED), By Product (Ceiling, Pendant & Chandeliers), By Distribution Channel, By Region, And Segment Forecasts, 2019 - 2025",https://www.grandviewresearch.com/industry-analysis/residential-lighting-fixtures-market,USD 14.92 billion ,,,,,Source ,Product ,Distribution Channel ,Region ,,"Incandescent, Fluorescent, LED & OLED","Ceiling, Pendant & Chandeliers, Wall Mounted, Portable, Others","Offline, Online","North America, Europe, Asia Pacific, Central & South America, Middle East & Africa",,,,,"The U.S., Germany, The U.K., China, Japan, Brazil, South Africa",
"Water Flosser Market Size, Share & Trends Analysis Report By Application (Home Care, Dental Clinic, Hospitals), By Product (Countertop, Cordless), By Region (APAC, Europe, MEA, North America), And Segment Forecasts, 2019 - 2025",https://www.grandviewresearch.com/industry-analysis/water-flosser-market,USD 806.52 million ,"
USD 1112.5 million
",4.7%,"
Shenzhen Relish Technology Co., Ltd., Hydro Floss, Water Pik, Inc., ToiletTree Products, Inc., Ginsey Home Solutions, Oral Breeze, Koninklijke Philips N.V., Procter & Gamble, Aquapick, S. C. Johnson & Son, Inc.
","North America, Europe, Asia Pacific, Central & South America, Middle East & Africa",Product ,Application ,Regional ,,,"Cordless, Countertop","Hospitals, Dental Clinic, Home Care","North America, Europe, Asia Pacific, Central & South America, Middle East & Africa",,,,,"The U.S., U.K., Germany, China, India, Japan, Brazil",,
"Electric Blankets Market Size, Share & Trends Analysis Report By Distribution Channel (Offline, Online), By End User (Hotels, Hospitals, Households), By Region, And Segment Forecasts, 2019 - 2025",https://www.grandviewresearch.com/industry-analysis/electric-blankets-market,USD 765.4 million ,,7.1%,"
Jarden Corporation, Shanghai Shenda Co. Ltd., Morphy Richards Ltd., Snugnights UK LLP, Beurer GmbH, Caiyang, Slumberdown, Shijiazhuang Mengjie Industry Co. Ltd., Silentnight Group Ltd.
","North America, Europe, Asia Pacific, Central & South America, Middle East & Africa (MEA)",Distribution Channel ,user ,Regional ,,,"Offline, Online","Hotels, Hospitals, Households","North America, Europe, Asia Pacific, Central & South America, Middle East & Africa (MEA)",,,,,"The U.S., France, Germany, China, Japan",,
"Doorbell Camera Market Size, Share & Trends Analysis Report By Product (Wired, Wireless), By Distribution Channel (Online, Offline), By Region, And Segment Forecasts, 2019 - 2025",https://www.grandviewresearch.com/industry-analysis/doorbell-camera-market,USD 1.4 billion ,,,"
August Home, AUXTRON, Hangzhou Hikvision Digital Technology Co., Ltd., IFIHomes, Napco Security Technologies, Inc., Ring, SkyBell Technologies, Inc., Vivint, Inc., VTech Communications, Inc., Zmodo
","North America, Europe, Asia Pacific, Central & South America, Middle East & Africa (MEA)",Product ,Distribution Channel ,Regional ,,,"Wired, Wireless","Offline, Online","North America, Europe, Asia Pacific, Central & South America, Middle East & Africa (MEA)",,,,," The U.S., Germany,  U.K., India,  China,  Brazil, South Africa",,
"Coffee Machine Market Size, Share & Trends Analysis Report By Product (Bean-to-Cup, Drip Filter, Capsule, Espresso), By Application (Residential, Commercial), By Region, And Segment Forecasts, 2019 - 2025",https://www.grandviewresearch.com/industry-analysis/coffee-machine-market,USD 5.88 billion ,,3.7%,,,Product ,Application ,Region ,,,"Drip Filter, Capsule, Espresso, Bean-to-Cup","Residential, Commercial","North America, Europe, Asia Pacific, Central & South America, Middle East & Africa",,,,,"The U.S., Germany, U.K., Japan, China, India, Brazil",,
"Robotic Wheelchairs Market Size, Share & Trends Analysis Report By Application (Residential, Commercial), By Distribution Channel (Retail, E-commerce), By Region, And Segment Forecasts, 2019 - 2025",https://www.grandviewresearch.com/industry-analysis/robotic-wheelchairs-market,USD 75.8 million ,"
USD 142.5 million
",9.4%,"
Sunrise Medical LLC, Invacare Corporation, Permobil Corporation, Meyra GmbH, Karman healthcare, Ottobock SE & Company, Matia Robotics, Upnride Robotics, DEKA Research & Development, Whill Inc.
","North America, Europe, Asia Pacific, Central & South America, Middle East & Africa",Application ,Distributional Channel ,Regional ,,,"Residential, Commercial","Retail, E-commerce","North America, Europe, Asia Pacific, Central & South America, Middle East & Africa",,,,,"The U.S., Germany, The U.K., Japan, China, Brazil, UAE",,
"Electric Kettle Market Size, Share & Trends Analysis Report By Raw Material (Stainless Steel, Plastic, Glass), By Application (Residential, Commercial), By Region, And Segment Forecasts, 2019 - 2025",https://www.grandviewresearch.com/industry-analysis/electric-kettles-market,USD 15.3 billion ,,,"
Aroma Housewares Company, Conair, Hamilton Beach Brands, Inc., Groupe SEB, Cuisinart, Breville USA, Inc., bonavitaworld, Chef's Choice, SUPOR, Koninklijke Philips N.V.
","North America, Europe, Asia Pacific, Central & South America, Middle East & Africa",Raw Material ,Application ,Regional ,,,"Stainless Steel, Plastic, Glass, Others","Residential, Commercial","North America, Europe, Asia Pacific, Central & South America, Middle East & Africa",,,,,"The U.S., Canada, U.K., Germany, China, India, Brazil",,
"Soda Water Dispenser Market Size, Share & Trends Analysis Report By Dispenser Style (Push Button, Lever), By Product (Countertop, Drop-in), By Region, And Segment Forecasts, 2019 - 2025",https://www.grandviewresearch.com/industry-analysis/soda-water-dispenser-market,USD 1.0 billion ,,5.4%,"
The Coca-Cola Company, Pepsico Inc., Dr. Pepper, Lancer Corp., Cornelius, Inc.
","North America, Europe, Asia Pacific, Central & South America, Middle East & Africa",Product ,Dispenser Style ,Regional ,,,"Countertop, Drop-in","Push Button, Lever","North America, Europe, Asia Pacific, Central & South America, Middle East & Africa",,,,,"The U.S., Germany, U.K., China, India, Brazil, South Africa",,
"3D Camera Market Size, Share & Trends Analysis Report By Technology (Stereo Vision, Time of Flight, Structured Light), By Application (Professional Camera, Smartphone and Tablet, and Computer), And Segment Forecasts, 2019 - 2025",https://www.grandviewresearch.com/industry-analysis/3d-camera-market,USD 1.92 billion ,,35.8%,,"North America, Europe, Asia Pacific, Central & South America, Middle East & Africa (MEA)",Technology ,Application ,Regional ,,,"Stereo Vision, Time of Flight, Structured Light","Professional Camera, Smartphone and Tablets, Computer, Others","North America, Europe, Asia Pacific, Central & South America, Middle East & Africa (MEA)",,,,,"U.S., Germany, U.K., China, Japan, India, Brazil",,
"Electronic Home Locks Market Size, Share & Trends Analysis Report By Product Type (Strikes, Deadbolts & Latches, Lever Locks), By Distribution Channel (Offline, Online), By Region, And Segment Forecasts, 2019 - 2025",https://www.grandviewresearch.com/industry-analysis/electronic-home-locks-market,USD 334.3 million ,,16.1%,,"North America, Europe, Asia Pacific, Central & South America, Middle East & Africa",Product Type ,Distribution Channel ,Regional ,,,"Strikes, Deadbolts and Latches, Lever Locks","Offline, Online","North America, Europe, Asia Pacific, Central & South America, Middle East & Africa",,,,,"The U.S., Germany, U.K, China, India, Brazil, UAE",,
"Smart Clock Market Size, Share & Trends Analysis Report By Distribution Channel (Specialty Stores, Online), By Region (North America, Europe, APAC, Central & South America, MEA), And Segment Forecasts, 2019 - 2025",https://www.grandviewresearch.com/industry-analysis/smart-clock-market,USD 469.2 million ,,25.4%,,"North America, Europe, Asia Pacific, Central & South America, Middle East & Africa",Distribution Channel ,Regional ,,,,"Specialty Stores, Online, Others","North America, Europe, Asia Pacific, Central & South America, Middle East & Africa",,,,,"The U.S., U.K., Germany, France, China, India, Brazil",,,
"Paper Shredder Market Size, Share & Trends Analysis Report By Product (Strip-cut, Cross-cut, Micro-cut), By Distribution Channel (Online, Offline), By Region, And Segment Forecasts, 2019 - 2025",https://www.grandviewresearch.com/industry-analysis/paper-shredders-market,USD 1.7 billion ,"
USD 2.86 billion
",7.8%,"
Fellowes, Inc., Krug + Priester GmbH & Co. KG, ACCO Brands, Intimus Shredder, HSM GmbH + Co. KG, Elcoman Srl, Dahle North America, Inc., Martin Yale Industries
","North America, Europe, Asia Pacific, Central & South America, Middle East & Africa",Product ,Distribution Channel ,Regional ,,,"Strip-cut, Cross-cut , Micro-cut  ","Online, Offline","North America, Europe, Asia Pacific, Central & South America, Middle East & Africa",,,,," The U.S., Germany,  The U.K., China,  India,  Brazil, South Africa",,
"Induction Cooktops Market Size, Share & Trends Analysis Report By Product (Built-in, Free-standing), By Application (Household, Commercial), By Distribution Channel, By Region, And Segment Forecasts, 2019 - 2025",https://www.grandviewresearch.com/industry-analysis/induction-cooktops-market,USD 18.6 billion ,,,,"North America, Europe, Asia Pacific, Central & South America, Middle East & Africa",Product ,Application ,Distribution Channel ,Regional ,,"Built-in, Free-standing","Household, Commercial","Hypermarkets & Supermarkets, Specialty Stores, Online","North America, Europe, Asia Pacific, Central & South America, Middle East & Africa",,,,,"The U.S., Germany, The U.K., China, India, Brazil, South Africa",
"Barbeque Grill Market Size, Share & Trends Analysis Report By Product (Gas, Charcoal, Electric), By Application (Household, Commercial), By Region, And Segment Forecasts, 2019 - 2025",https://www.grandviewresearch.com/industry-analysis/barbeque-grill-market,USD 4.79 billion ,"
USD 6.50 billion
",4.5%,"
The Coleman Company Inc., Spectrum Brands, Inc., The Middleby Corporation LLC., Char-Broil LLC, Kenmore, Traeger, LANDMANN, Broilmaster, FIRE MAGIC, Weber-Stephen Barbecue Products India Private Limited.
","North America, Europe, Asia Pacific, Central & South America, Middle East & Africa",Product ,Application ,Regional ,,,"Gas, Charcoal, Electric","Household, Commercial","North America, Europe, Asia Pacific, Central & South America, Middle East & Africa",,,,,"The U.S., Canada, The U.K., Germany, China, India, Brazil",,
"Electric Iron Market Size, Share & Trends Analysis Report By Function (Automatic, Non-automatic), By Product (Dry, Steam), By Application, By Distribution Channel, And Segment Forecasts, 2019 - 2025",https://www.grandviewresearch.com/industry-analysis/electric-iron-market,USD 1.0 billion ,"
USD 1.81 billion
",8.3%,"
Bajaj Electricals Ltd., BCL Electronic, BLACK+DECKER Inc., BSH, Home Appliances FZE, Crompton, Eveready Industries India Ltd., Groupe SEB India, Hamilton Beach, Havells India Ltd., impextechnologies.in., Jaipan, Koninklijke Philips N.V., Orient Electric, Osian, Panasonic, Sears Brands, LLC (Kenmore), Singer
","North America, Europe, Asia Pacific, Central & South America, Middle East & Africa (MEA)",Function ,Product ,Application ,Distribution Channel ,Regional ,"Automatic, Non-automatic","Dry, Steam","Residential, Commercial","Offline, Online","North America, Europe, Asia Pacific, Central & South America, Middle East & Africa (MEA)",,,,,"The U.S., Germany, U.K., India, China, Brazil, UAE"
"Digital Camcorders Market Size, Share & Trends Analysis Report By Resolution (Full HD (1920 x 1080) 1080p, UHD (3840 x 2160) 2160p), By Distribution Channel (Online, Offline), By Region, And Segment Forecasts, 2019 - 2025",https://www.grandviewresearch.com/industry-analysis/digital-camcorders-market,USD 1.8 billion ,,,,"North America, Europe, Asia Pacific, Central & South America, Middle East & Africa (MEA)",Resolution ,Distribution Channel ,Regional ,,,"Full HD (1920 x 1080) 1080p, UHD (3840 x 2160) 2160p","Offline, Online","North America, Europe, Asia Pacific, Central & South America, Middle East & Africa (MEA)",,,,,"The U.S., Germany, U.K., India, China, Japan, Brazil",,
"Trail Camera Market Size, Share & Trends Analysis Report By Pixel Size (8 to 12 MP, Above 12 MP), By Application (Wildlife Monitoring & Research, Security), By Region (APAC, North America), And Segment Forecasts, 2019 - 2025",https://www.grandviewresearch.com/industry-analysis/trail-camera-market,USD 86.6 million ,,7.1%,"
Browning Trail Cameras, Wildgame Innovations LLC, Vista Outdoor, Inc., GG Telecom
","North America, Europe, Asia Pacific, Central & South America, Middle East & Africa",Pixel Size ,Application ,Regional ,,,"Below 8 MP, 8 to 12 MP, Above 12 MP","Wildlife Monitoring & Research, Security, Others","North America, Europe, Asia Pacific, Central & South America, Middle East & Africa",,,,,"The U.S., U.K., Germany, China, India, Brazil, South Africa",,
"Water Dispenser Market Size, Share & Trends Analysis Report By Product (Bottle-less, Bottled), By Application (Residential, Commercial), By Region (North America, Europe, APAC, MEA), And Segment Forecasts, 2019 - 2025",https://www.grandviewresearch.com/industry-analysis/water-dispenser-market,USD 1.95 billion ,"
USD 3.26 billion
",7.6%,"
Whirlpool Corp., Clover Co. Ltd., Oasis International, Inc., Glacial Home, Primo Water Corp., Honeywell International, Inc., Emerson Electric Co.
","North America, Europe, Asia Pacific, Central & South America, Middle East & Africa",Product ,Application ,Regional ,,,"Bottled, Bottle-less","Residential, Commercial","North America, Europe, Asia Pacific, Central & South America, Middle East & Africa",,,,,"The U.S., Germany, The U.K., China, India, Brazil, South Africa",,
"Air Coolers Market Size, Share & Trends Analysis Report By Type (Tower, Dessert), By Application (Residential, Commercial), By Region (North America, Europe, APAC, CSA, MEA), And Segment Forecasts, 2019 - 2025",https://www.grandviewresearch.com/industry-analysis/air-coolers-market,USD 1.2 billion ,"
USD 2.51 billion
",10.8%,"
Symphony Limited, Bajaj Electricals Limited, Havels India Limited, Honeywell International Inc., Aolan (Fujian) Industry Co., Ltd., Luma Comfort, AirGroup, Seeley International Pty Ltd., Fujian Jinghui Environmental Technology Co., Ltd., De’Longhi Appliances S.r.l.
","North America, Europe, Asia Pacific, Central & South America, Middle East & Africa (MEA)",Type ,Application ,Regional ,,,"Tower, Dessert, Others","Residential, Commercial","North America, Europe, Asia Pacific, Central & South America, Middle East & Africa (MEA)",,,,,"The U.S., Germany, U.K., China, India, Brazil, Nigeria",,
"Smart LED Lighting Market Size, Share & Trends Analysis Report By Product (Wired, Wireless), By Technology (Hybrid, Dali, WiFi, Bluetooth, Zigbee), By Distribution Channel, And Segment Forecasts, 2019 - 2025",https://www.grandviewresearch.com/industry-analysis/smart-led-lighting-market,USD 7.32 billion ,"
USD 34.17 billion
",,"
Cree Inc., Eaton Corporation, Koninklijke Philips NV, ABB Limited, Wipro Limited, SSK Group, TVILIGHT B.V., Digital Lumens, Inc., Acuity Brands Inc., Bridgelux, Inc., OSRAM Licht AG
",,Product ,Technology ,Distribution Channel ,,,"Wired, Wireless","Hybrid, Dali, WiFi, Bluetooth, Zigbee","Online, Offline",,,,,,,
"Hair Dryer Market Size, Share & Trends Analysis Report By Product (Corded, Cordless), By Application (Professional, Individual), By Distribution Channel (Offline, Online), And Segment Forecasts, 2019 - 2025",https://www.grandviewresearch.com/industry-analysis/hair-dryer-market,USD 7.09 billion ,"
USD 10.05 billion
",5.1%,"
Conair corporation, Panasonic, Phillips, Dyson, Sharp Corporation, Tescom, Remington, Drybar, Revlon, Beauty Elite Group
","North America, Europe, Asia Pacific, Central & South America, Middle East & Africa",Product ,Application ,Distribution Channel ,Regional ,,"Corded, Cordless","Professional, Individual","Offline, Online","North America, Europe, Asia Pacific, Central & South America, Middle East & Africa",,,,,"The U.S., The U.K., Germany, France, China, India, Brazil",
"Garments Steamer Market Size, Share & Trends Analysis Report By Application (Clothes, Carpets, Curtains), By Distribution Channel (Online, Offline), By Region, And Segment Forecasts, 2019 - 2025",https://www.grandviewresearch.com/industry-analysis/garment-steamer-market,USD 2.32 billion ,,5.41%,,"North America, Europe, Asia Pacific, Central & South America, Middle East & Africa",Application ,Distribution Channel ,Regional ,,,"Clothes, Curtains, Carpets, Others","Online, Offline","North America, Europe, Asia Pacific, Central & South America, Middle East & Africa",,,,,"The U.S. , Germany , U.K.,  China, India , Brazil , South Africa",,
"Dishwasher Market Size, Share & Trends Analysis Report By Product (Freestanding, Built-in), By Application (Residential, Commercial), By Distribution Channel (Offline, Online), By Region, And Segment Forecasts, 2019 - 2025",https://www.grandviewresearch.com/industry-analysis/dishwasher-market,USD 6.29 billion ,"
USD 10.2 billion
",,"
orporation, Electrolux AB, LG Electronics Inc., Whirlpool Corporation, Robert Bosch GmbH, Aga Rangemaster Group, Samsung Group, Asko Appliances AB, Miele, Fagor Electrodomésticos
",,Product ,Application ,Distribution Channel ,Region ,,"Freestanding, Built-in","Residential, Commercial","Offline, Online","North America, Europe, Asia Pacific, Central & South America, Middle East & Africa",,,,,"The U.S.,  Germany, U.K.,  China, India, Brazil, South Africa",
"Residential Washing Machine Market Size, Share & Trends Analysis Report By Product (Fully Automatic, Semi-automatic), By Capacity, By Technology, By Distribution Channel, And Segment Forecasts, 2019 - 2025",https://www.grandviewresearch.com/industry-analysis/residential-washing-machine-market,USD 14.9 billion ,,,,"North America, Europe, Asia Pacific, Central & South America, Middle East & Africa",Product ,Capacity ,Technology ,Distribution Channel ,Regional ,"Fully Automatic, Semi-automatic","Below 6 kg, 6 to 8 kg, Above 8kg","Top Load, Front Load","Offline, Online","North America, Europe, Asia Pacific, Central & South America, Middle East & Africa",,,,,"The U.S., U.K., Germany, China, India, Brazil, South Africa"
"Bluetooth Headphones Market Size, Share & Trends Analysis Report By Product (Over Ear, In Ear), By Distribution Channel (Multi-branded Store, Online Retail), By Region, And Segment Forecasts, 2019 - 2025",https://www.grandviewresearch.com/industry-analysis/bluetooth-headphones-market,USD 7.8 billion ,"
USD 17.50 billion
",,"
Apple Inc., Sony Corporation, Sennheiser Electronic GmbH & Co. KG, Bose Corporation, SAMSUNG, Koninklijke Philips N.V., Panasonic Corporation, Plantronics, Inc., Audio-Technica, Skullcandy.com
","North America, Europe, Asia Pacific, Central & South America, Middle East & Africa",Product ,Distribution Channel ,Regional ,,,"Over Ear, In Ear, On Ear","Exclusive Store, Multi-branded Store, Online Retail","North America, Europe, Asia Pacific, Central & South America, Middle East & Africa",,,,," The U.S., Germany,  The U.K, China,  India,  Brazil, South Africa",,
"Electric Toothbrush Market Size, Share & Trends Analysis Report By End Use (Adults, Children), By Technology (Rotational, Vibrational), By Region, Competitive Landscape, And Segment Forecasts, 2019 - 2026",https://www.grandviewresearch.com/industry-analysis/electric-toothbrush-market,,,5.8%,,"North America, Europe, Asia Pacific, Latin America, Middle East and Africa (MEA)",Technology ,use ,Regional ,,,"Rotational, Vibrational","Adults, Children","North America, Europe, Asia Pacific, Latin America, Middle East and Africa (MEA)",,,,,"The U.S., Canada, Germany, The U.K., France, Italy, Spain, Japan, China, India, Thailand, South Korea, Brazil, Mexico, Argentina, Colombia, South Africa, Saudi Arabia, UAE",,
"Mobile Accessories Market Size, Share & Trends Analysis Report By Product Type (Earphone/Headphone, Protective Cases), By Distribution Channel, By Region, And Segment Forecasts, 2019 - 2025",https://www.grandviewresearch.com/industry-analysis/mobile-accessories-market,USD 68.4 billion ,"
USD 110.60 billion
",7.1%,"
Google, Samsung, Apple, Harman International Inc., Belkin International Co., Aukey, Groovemade Walnut, Anket Powercore, UE Boom
","North America, Europe, Asia Pacific, Middle East & Africa, Central & South America",Product Type ,Distribution Channel ,Regional ,,,"Earphones/Headphone, Charger, Power Bank, Protective Cases, Others","Online, Offline","North America, Europe, Asia Pacific, Middle East & Africa, Central & South America",,,,,"U.S., Germany, U.K., China, India, Saudi Arabia, Brazil",,
"Razor Market Analysis Report By Product Type (Cartridge, Disposable, Electric), By Consumer, By Distribution Channel (Supermarkets & Hypermarkets, Online), And Segment Forecasts, 2019 - 2025",https://www.grandviewresearch.com/industry-analysis/razor-market,USD 10.2 billion ,,3.5%,,"North America, Europe, Asia Pacific, Central & South America, Middle East & Africa",Product Type ,Consumer ,Distribution Channel ,Regional ,,"Cartridge, Disposable, Electric","Men, Women","Supermarkets & Hypermarkets, Convenience stores, Online","North America, Europe, Asia Pacific, Central & South America, Middle East & Africa",,,,,"The U.S., Germany, U.K., India, China, Brazil, Saudi Arabia",
"Portable Media Player Market Size, Share & Trends Analysis Report By Media Type (Audio, Video), By Distribution Channel (Offline, Online), By Region, And Segment Forecasts, 2019 - 2025",https://www.grandviewresearch.com/industry-analysis/portable-media-player-market,USD 21.15 billion ,,4.0%,,"North America, Europe, Asia Pacific, Central & South America, Middle East & Africa",Media Type ,Distribution channel ,Regional ,,,"Audio, Video","Offline, Online","North America, Europe, Asia Pacific, Central & South America, Middle East & Africa",,,,," The U.S., Germany,  U.K., India,  China,  Brazil, Africa",,
"Household Beauty Appliances Market Size, Share & Trends Analysis Report By Product (Haircare, Facial Care), By Distribution Channel (Supermarkets/Hypermarkets, Online), By Region, And Segment Forecasts, 2019 - 2025",https://www.grandviewresearch.com/industry-analysis/household-beauty-appliances-market,USD 6.17 billion ,"
USD 8.86 billion
",5.3%,"
Koninklijke Philips N.V., Home Skinovation, Conair Corporation, TRIA Beauty, Inc., Vega, Syska, Panasonic Corporation, Carol Cole Company, Croma, L’Oreal SA
","North America, Europe, Asia Pacific, Central & South America, Middle East & Africa",Product ,Distribution Channel ,Regional ,,,"Haircare, Facial Care, Body Care, Others","Supermarket/Hypermarket, Convenience Stores, Online","North America, Europe, Asia Pacific, Central & South America, Middle East & Africa",,,,,"U.S., Germany, U.K., India, China, Brazil, South Africa",,
"Home Water Filtration Unit Market Size, Share & Trends Analysis Report By Product (RO-based, UV-based), By Region (North America, Europe, APAC, CSA, MEA), And Segment Forecasts, 2019 - 2025",https://www.grandviewresearch.com/industry-analysis/home-water-filtration-unit-market,USD 8.6 billion ,"
USD 24.11 billion
",15.9%,"
Best Water Technology Group, Kent RO System Ltd., Brita Gmbh, Eureka Forbes Limited, Tata Chemicals, HaloSource Inc., Panasonic, Amway Corporation, Aquasana, GE Water & Process Technologies Inc., Eureka Forbes Limited
","North America, Europe, Asia Pacific, Central & South America, Middle East & Africa",Product ,Regional ,,,,"RO-based, UV-based, Others","North America, Europe, Asia Pacific, Central & South America, Middle East & Africa",,,,," The U.S., France,  Germany, India,  China,  Argentina, Israel",,,
"Surgical Scrub Market Size, Share & Trends Analysis Report By Product (Gel, Soap), By Application (Hospitals, Ambulatory Surgical Center, Clinics), By Region, And Segment Forecasts, 2019 - 2025",https://www.grandviewresearch.com/industry-analysis/surgical-scrub-market,USD 174.6 million ,"
USD 236.2 million
",4.4%,"
3M, STERIS Life Sciences, BD, Ecolab’s
","North America, Europe, Asia Pacific, Central & South America, Middle East & Africa",Product ,Application ,Regional ,,,"Gel, Soap","Hospital, Ambulatory Surgical Centers, Clinics","North America, Europe, Asia Pacific, Central & South America, Middle East & Africa",,,,,"The U.S., Canada, Germany, China, India, Brazil",,
"Electric Face Cleanser Market Size, Share & Trends Analysis Report By End Use (Personal, Commercial), By Distribution Channel (Online, Offline), By Region, And Segment Forecasts, 2019 - 2025",https://www.grandviewresearch.com/industry-analysis/electric-face-cleanser-market,USD 6.9 billion ,"
USD 10.01 billion
",,"
Loreal, Philips, Clinique Laboratories, Conair Corp, Hitachi Ltd, Amore Pacific Corp, Pixnor
","North America, Europe, Asia Pacific, Central & South America, Middle East & Africa",Use ,Distribution Channel ,Regional ,,,"Personal, Commercial","Online, Offline","North America, Europe, Asia Pacific, Central & South America, Middle East & Africa",,,,," The U.S., Germany,  U.K., China,  Japan,  Brazil, Saudi Arabia",,
"Household Hand Tools Market Size, Share & Trends Analysis Report By Product (Taps & Dies, General Tools), By Distribution Channel (Retail Channels, Online), By Region, And Segment Forecasts, 2019 - 2025",https://www.grandviewresearch.com/industry-analysis/household-hand-tools-market,USD 4.1 billion ,"
USD 5.44 billion
",,"
Stanley Black & Decker, Apex Tool Group, Great Wall Precision, Klein Tools, Wurth Group, PHOENIX, Channellock, Akar Tools, JPW Industries, JK Files, JETECH, Excelta, Sinotools, TTi, Kennametal Inc
","North America, Europe, Asia Pacific, Central & South America, Middle East & Africa",Product ,Distribution Channel ,Regional ,,,"Cutting Tools, Measuring Tools, Taps & Dies, General Tools","Retail Channels, Online","North America, Europe, Asia Pacific, Central & South America, Middle East & Africa",,,,," The U.S., Germany,  The U.K., China,  India",,
"Smart TV Sticks Market Size, Share & Trends Analysis Report By Distribution Channel (Online, Specialty Store, Hypermarket & Supermarket, Convenience Stores), By Region, And Segment Forecasts, 2019 - 2025",https://www.grandviewresearch.com/industry-analysis/smart-tv-sticks-market,USD 13.1 billion ,,8.2%,,"North America, Europe, Asia Pacific, Central & South America, Middle East & Africa",Distribution Channel ,Regional ,,,,"Online, Hypermarket & Supermarket, Convenience Stores, Specialty Store","North America, Europe, Asia Pacific, Central & South America, Middle East & Africa",,,,," The U.S., Germany,  U.K., India, China, Brazil, Africa",,,
"Electronic Soap Dispenser Market Size, Share & Trends Analysis Report By Raw Material (Plastic, Steel), By Application (Commercial, Institutional, Residential), By Region, And Segment Forecasts, 2019 - 2025",https://www.grandviewresearch.com/industry-analysis/electronic-soap-dispenser-market,USD 668.3 million ,"
USD 1,005.4 million
",6.0%,"
Toto Ltd, American Specialties, Inc., Umbra, Simplehuman, ORCHIDS INTERNATIONAL, Toshi Automatic Systems Pvt. Ltd., Bobrick Washroom Equipment, Inc., Shenzhen City Svavo Bathroom Products Co., Ltd., ZAF ENTERPRISES
",,Raw Material ,Application ,Region ,,,"Plastic, Steel, Others","Commercial, Institutional, Residential","North America, Europe, Asia Pacific, Central & South America, Middle East & Africa",,,,,"The U.S., Germany, U.K., China, Japan, Brazil, South Africa",,
"Large Cooking Appliance Market Size, Share & Trends Analysis Report By Product (Cooktops, Ovens, Specialized Appliances), By Application (Household, Commercial), By Region, And Segment Forecasts, 2019 - 2025",https://www.grandviewresearch.com/industry-analysis/large-cooking-appliance-market,USD 25.67 billion ,,6.5%,,"North America, Europe, Asia Pacific, Central & South America, Middle East & Africa",Product ,Application ,Regional ,,,"Cooktops, Ovens, Specialized Appliances","Household, Commercial","North America, Europe, Asia Pacific, Central & South America, Middle East & Africa",,,,,"The U.S., Germany, The U.K., India, China",,
"Smoke Detector Market Size, Share & Trends Analysis Report By Technology (Photoelectric, Dual sensors, Ionization), By End-use (Commercial, Industrial, Residential), And Segment Forecasts, 2019 - 2025",https://www.grandviewresearch.com/industry-analysis/smoke-detector-market,USD 1.66 billion ,"
USD 3.01 billion
",8.8%,"
Kidde, Honeywell International Inc., Johnson Controls, BRK Brands, Inc., Siemens AG, Birdi, Hochiki Corporation, Huawei Technologies Co., Ltd., Xtralis Pty Ltd., Robert Bosch LLC
","North America, Europe, Asia Pacific, Central & South America, Middle East & Africa",Technology ,End Use ,Regional ,,,"Photoelectric, Dual Sensors, Ionization","Commercial, Industrial, Residential","North America, Europe, Asia Pacific, Central & South America, Middle East & Africa",,,,,"U.S., U.K., Germany, China, India",,
"Smart Refrigerators Market Size Analysis Report By Door Type (Single, Double, Side by Side, French), By End user (Residential, Commercial) By Distribution Channel (Offline, Online), And Segment Forecasts, 2019 - 2025",https://www.grandviewresearch.com/industry-analysis/smart-refrigerators-market,USD 253.9 million ,"
USD 624.7 million
",13.7%,"
Electrolux AB, Hisense Co. Ltd, LG Electronics, Midea Group, Samsung Electronics Co. Ltd, Siemens AG, GE Appliance, Haier Group Corporation, Whirlpool Corporation, Panasonic Corporation
","North America, Europe, Asia Pacific, Central & South America, Middle East & Africa (MEA)",Door Type ,User ,Distribution Channel ,Regional ,,"Single, Double, Side by Side, French","Residential, Commercial","Offline, Online","North America, Europe, Asia Pacific, Central & South America, Middle East & Africa (MEA)",,,,,"The U.S., The U.K., China, India, Japan",
"Electric Grill Market Size, Share & Trends Analysis Report By Product (Electric Smokers, Electric Griddles), By Application (Residential, Commercial), By Region, And Segment Forecasts, 2019 - 2025",https://www.grandviewresearch.com/industry-analysis/electric-grill-market,USD 3.68 billion ,"
USD 5.2 billion
",5.1%,"
Weber-Stephen Products LLC, The Middleby Corp., Taylor Company, Roller Grill International, The Holland Grill Company Inc., Dimplex North America Limited, DeLonghi SpA, The Coleman Company, Inc., Midea Group., RH Peterson Co.
","North America, Europe, Asia Pacific, Central & South America, Middle East & Africa (MEA)",Product ,Application ,Regional ,,,"Electric Smokers, Electric Griddles","Residential, Commercial","North America, Europe, Asia Pacific, Central & South America, Middle East & Africa (MEA)",,,,,"The U.S., U.K., China, India, Japan, Brazil",,
"Portable Bluetooth Speakers Market Size, Share & Trends Analysis Report By Region, By Application (Residential, Commercial), By Distribution Channel (Online, Offline), And Segment Forecasts, 2019 - 2025",https://www.grandviewresearch.com/industry-analysis/portable-bluetooth-speakers-market,USD 1.21 billion ,"
USD 2.63 billion
",11.71%,"
Apple, Inc., Bose Corp., VOXX Electronics Corp., Plantronics, Inc., Beats Electronics, Sony Corp., Samsung Group, ULTIMATE EARS, 4COM Technologies
","North America, Europe, Asia Pacific, Central & South America, Middle East & Africa",Application ,Distribution Channel ,Regional ,,,"Residential, Commercial","Online, Offline","North America, Europe, Asia Pacific, Central & South America, Middle East & Africa",,,,,"U.S., U.K., China, India, Japan, Brazil",,
"Appliances Market Size, Share & Trends Analysis Report By Product, (Personal Care, Home Appliances, Smartphones), By Region (North America, Central & South America, APAC, MEA), And Segment Forecasts, 2019 - 2025",https://www.grandviewresearch.com/industry-analysis/appliances-market,USD 969.4 billion ,,7.2%,,"North America, Europe, Asia Pacific, Central & South America, Middle East & Africa",Product ,Regional ,,,,"Home, Personal Care, Smartphones","North America, Europe, Asia Pacific, Central & South America, Middle East & Africa",,,,"Television, Washing Machine, Refrigerator, Air Conditioner, Others, Hair Care, Oral Care, Others","U.S, Germany, France, Italy, China, India, Japan, Malaysia, Philippines, Singapore, Thailand, Vietnam, South Korea, Taiwan, Brazil",,,
"Deep Fryers Market Size, Share & Trends Analysis Report By Type (2L, 2L-5L), By Product (Commercial, Household), By Distribution Channel (Direct, Distributors, E-commerce), And Segment Forecasts, 2019 - 2025",https://www.grandviewresearch.com/industry-analysis/deep-fryers-market,USD 502.2 million ,,2.8%,,"North America, Europe, Asia Pacific, Central & South America, Middle East & Africa",Type ,Product ,Distribution Channel ,Regional ,,"2L, 2L-5L, 5L-8L, 8L-14L, Over 14L","Commercial, Household, Others","Direct Sales, Distributors, E-commerce, Others","North America, Europe, Asia Pacific, Central & South America, Middle East & Africa",,,,,"The U.S., Germany, U.K., France, China, India, Japan, Brazil, Saudi Arabia",
"U.S. Communication Equipment Market Size, Share & Trends Analysis Report By Product (Mobile, Fixed-line), Competitive Landscape, And Segment Forecasts, 2018 - 2025",https://www.grandviewresearch.com/industry-analysis/us-communication-equipment-market,USD 83.22 billion ,,,,,Product ,,,,,"Mobile, Fixed-line",,,,,,,,,
"U.S. Tablet Market Size, Share & Trends Analysis Report By Operating System Type (Android, iOS), Competitive Landscape, And Segment Forecasts, 2018 - 2025",https://www.grandviewresearch.com/industry-analysis/us-tablet-market,USD 18.0 billion ,,,,,OS Type ,,,,,"Android, iOS, Others",,,,,,,,,
"India Consumer Electronics Market Size, Share & Trends Analysis Report By Product, Competitive Landscape, And Segment Forecasts, 2018 - 2025",https://www.grandviewresearch.com/industry-analysis/india-consumer-electronics-market,USD 32.5 billion ,,,,,Product ,,,,,"Mobile Phones, Televisions, Refrigerators, Set-top Boxes, Digital Cameras, Air Conditioners, Washing Machines, Others",,,,,,,,,
"U.S. Household Appliances Market Size, Share & Trends Analysis Report, By Product Type, By Distribution Channel, Competitive Landscape, And Segment Forecasts, 2018 - 2025",https://www.grandviewresearch.com/industry-analysis/us-household-appliances-market,USD 43.34 billion ,,,,,Product Type ,Distribution Channel ,,,,"Water heater (boiler/geyser), Dishwasher, Refrigerator, Cooktop, cooking range, microwave, & oven, Vacuum cleaner, Mixer, grinder, & food processor, Washing machine, Air conditioner & heater","Brick & Mortar, E-commerce",,,,,,,,
"Germany Consumer Appliances Market Size, Share & Trends Analysis Report By Product Type (Major Domestic Appliances, Minor Domestic appliances), By Distribution Channels, And Segment Forecasts, 2018 - 2025",https://www.grandviewresearch.com/industry-analysis/germany-consumer-appliances-market,USD 18.5 billion ,,,,,Product Type ,Distribution Channels ,,,,"Major Domestic Appliances, Minor Domestic Appliances","E-retailers, Discount, variety stores, and general merchandisers, Hypermarket, supermarket, and discounters, Department stores, Other",,,,,,,,
